# -*- coding: utf-8 -*-

# Resource object code
#
# Created by: The Resource Compiler for PyQt5 (Qt v5.9.6)
#
# WARNING! All changes made in this file will be lost!

from PyQt5 import QtCore

qt_resource_data = b"\
\x00\x00\x15\x3d\
\x89\
\x50\x4e\x47\x0d\x0a\x1a\x0a\x00\x00\x00\x0d\x49\x48\x44\x52\x00\
\x00\x00\x80\x00\x00\x00\x80\x08\x06\x00\x00\x00\xc3\x3e\x61\xcb\
\x00\x00\x00\x04\x73\x42\x49\x54\x08\x08\x08\x08\x7c\x08\x64\x88\
\x00\x00\x00\x09\x70\x48\x59\x73\x00\x00\x0b\x13\x00\x00\x0b\x13\
\x01\x00\x9a\x9c\x18\x00\x00\x14\xdf\x49\x44\x41\x54\x78\x9c\xed\
\x9d\x7b\x70\x5c\x57\x79\xc0\x7f\xe7\xec\xfb\xa1\x95\x76\x57\xb2\
\xfc\x90\x1f\x32\x89\x6d\x9c\xd8\x89\xad\xc4\x26\x34\x0f\x68\x02\
\x24\x40\x49\x80\x26\x33\xa5\x0d\xfd\xa3\xd3\x66\x68\x07\x98\x42\
\xc9\xc3\x81\x08\x17\xfc\x08\x26\x53\x5a\xca\xd0\xe9\x74\x3a\x25\
\x3c\x9a\x36\x40\x08\x09\x61\x68\x27\x25\x25\xa1\x24\xd0\xc4\x78\
\x8a\x63\x27\xb6\x13\xcb\xf2\x33\xb2\x56\xda\xa7\xf6\x79\x4e\xff\
\xd8\x5d\xed\x95\x74\x57\x7b\xb5\x5a\xc9\x4b\x7c\x7f\x1a\x8f\xaf\
\xee\xde\x97\xf6\xfb\xce\xf7\x7d\xe7\x3b\xe7\x3b\x17\x6c\x6c\x6c\
\x6c\x6c\x2e\x52\xc4\x85\x7e\x00\x9b\xf9\xd1\xbb\xaf\x37\xe0\x2d\
\xe6\xf7\x0a\xf4\x4d\x1a\xf1\x2a\x4a\xde\x33\x74\xff\xe8\x61\xab\
\xe7\xdb\x0a\xd0\x80\x4b\x06\x23\xa1\xbc\x4f\x5f\x2e\x35\x97\xa3\
\x45\xbf\x16\x44\x85\xd2\xdd\x0a\x11\x95\x02\x27\x5a\xe7\xb5\xd0\
\x05\x81\xcc\x23\xd4\x59\x90\x27\x34\x9c\x10\x4a\xbd\xee\xcc\xcb\
\xfd\x47\x77\xc6\x12\x0b\xf5\x6c\xbd\xfb\x7a\x03\x9e\x7c\xe1\x29\
\x29\xb9\xbe\xb6\x57\x9d\x99\x70\x7a\x2e\x3d\xf7\x99\x73\x69\x2b\
\xd7\xb0\x15\x60\x1a\xab\xbf\xd4\xb3\x54\x96\x0a\x37\x29\x2d\xde\
\xa5\x85\xb8\x41\xc2\xea\xa6\x2f\xa6\xd0\x5a\x72\x10\xc5\xf3\x42\
\xf0\x5c\xd1\x53\x7c\xe2\xe4\xa7\x13\xb1\x56\x3c\x67\xef\xbe\xde\
\x80\x2f\x9f\x7f\x12\x29\xde\x01\x20\x84\x40\x6b\x5d\xfe\x50\xe8\
\x9b\x8f\xdf\x3b\xf6\x13\x2b\xd7\xb1\x15\x00\xb8\x64\x57\xb0\xa7\
\x28\xdd\x1f\x01\xfd\x51\x10\x5b\x1b\x9e\x20\xc0\xe1\x94\x20\x04\
\x68\x8d\xd6\xa0\x95\x46\x2b\x3d\xeb\x69\x1a\x8a\x68\xf5\x53\x21\
\xc4\x77\xf3\xba\xf8\xbd\xd3\x3b\x92\xa3\xcd\x3c\xef\xb2\xc1\x65\
\x7e\x8f\x37\xfb\x24\x88\x77\x02\xf8\xfd\x7e\x56\xad\xee\xe3\xf0\
\xa1\x57\xcb\xf7\x51\xe2\x83\x43\xf7\x8f\xfe\xc0\xca\xb5\x9c\xcd\
\x3c\xc0\x9b\x02\x8d\x58\xbd\x37\x7a\x83\x50\xea\x13\x79\xc4\xfb\
\x25\xb8\xa6\xb7\x07\xa7\xd7\x81\x27\xe0\xc2\xe5\x77\xe2\xf2\x39\
\x71\x79\x9d\x48\x97\x44\x3a\xcc\xdb\x8d\x2e\x69\x4a\x79\x45\x29\
\xaf\x29\x66\x8b\xe4\x52\x05\xb2\xc9\x1c\xc5\x7c\x09\x00\x01\x4e\
\x84\x7c\x17\xf0\x2e\xb7\x76\x7c\x65\xd5\xee\xc8\xc3\x42\xf2\xb7\
\x43\xf7\xc6\x0e\x59\x7d\xec\xbe\x87\xfa\x7c\xce\x7c\xfa\x87\x35\
\xe1\xfb\xb8\xfa\x6d\x03\xc4\xc7\x9a\xf3\x34\x17\x9f\x05\xd0\x88\
\xfe\xbd\x91\x1b\x15\x3c\x20\xe0\x3a\xe3\x47\x42\x0a\x7c\x5d\x6e\
\xbc\x9d\x1e\xbc\x21\x37\x4e\x8f\x63\x4e\x97\x96\x42\x22\x84\x44\
\x22\x10\x42\x20\x90\x48\x21\x29\xe6\x4b\xa4\x63\x13\x24\x63\x69\
\x32\xf1\x89\x9a\xa9\xae\x3d\xd3\x8f\x95\x90\x9f\x3b\x71\xdf\xf9\
\x17\x67\xbb\x7e\xdf\x43\x7d\x3e\x47\x2e\xf5\xb8\x28\x2b\x11\x3e\
\xbf\x8f\x6d\x6f\xbb\x0a\x9f\xcf\xc7\xb9\xd3\xe7\xd8\xbf\xff\x40\
\xf9\x72\xb6\x05\x30\xa7\x7f\x4f\xd7\x26\xb5\x57\x7e\x4d\xc3\x75\
\x46\xcd\x77\x07\x5c\x04\x7b\x7c\xf8\xa3\xde\xba\xad\xbb\x11\x52\
\x48\x44\xf5\xa7\x22\x7c\x21\xca\xdb\x6e\x8f\x0b\xcf\x72\x0f\xdd\
\x2b\xc2\x94\x0a\x9a\xf8\x48\x82\xd1\xd3\x63\xe4\x26\xf2\xe5\x93\
\x05\xb7\x48\xa5\x6e\x5e\xb5\x27\xfc\xb0\x96\x72\xc7\xf0\x3d\xa3\
\xa7\xa7\x5f\x7f\xf5\xe0\x6a\xaf\xce\xc7\x7f\x30\x29\x7c\x9f\x97\
\x6d\xdb\xcb\xc2\x97\x54\xdc\x51\x13\x5c\x14\x0a\xd0\xbb\xaf\x37\
\xe0\x2d\x14\x06\xb5\xe2\x53\x42\x32\xd9\xac\xbd\x9d\x6e\x3a\x57\
\x04\xf1\x04\x5d\xf3\xba\xbe\xa8\x0a\x5f\xc8\x29\xc2\x97\x86\xfd\
\xb2\xb2\xdf\xe5\x16\x2c\xe9\xeb\xa6\xb7\xaf\x87\xc4\x68\x8a\x37\
\x4e\x8e\x90\x1c\x4f\x83\x44\x48\xc4\x1f\xa3\x4a\xb7\xaf\xd9\x1d\
\xfe\xeb\xe3\x97\x8c\x7d\x99\x3b\x28\x41\x59\xf8\xc2\x9b\x7c\x4c\
\x20\xdf\x0d\xe0\xf5\x79\xb9\xba\xd2\xf2\x6b\x0a\x67\x2b\x80\x29\
\xab\x77\x87\xaf\x11\xf9\xc2\x77\x90\xac\xa9\x7e\x47\xde\x90\x9b\
\xae\x95\x41\xdc\x81\xf9\x09\x1e\xca\xd1\xf7\xa4\xc9\x9f\xb6\x2d\
\xcc\xb6\x0d\x56\x22\xdc\xdd\x49\xa4\x27\x4c\x3c\x96\x60\xf8\xc8\
\x29\x26\x32\x59\x40\xfa\x11\xec\x5d\x7d\x2c\xf2\x3e\xf1\x05\x75\
\xa7\x33\x34\x7e\xb6\x98\x49\x7e\x0f\xb8\x19\xca\xc2\xdf\xb6\x7d\
\x00\xbf\xcf\x3f\x4d\xc9\x6c\x05\x98\x8a\x46\xac\xde\x13\xf9\x24\
\x82\x7d\x88\xf2\xdf\xe9\x70\x49\xba\x56\x75\x10\x88\x7a\x5b\x72\
\x8b\x29\xa6\x1e\x83\x15\x60\xea\x7e\x69\xd8\x2f\xa7\x59\x09\x21\
\x04\xe1\x68\x17\x91\x68\x98\x73\xa7\x46\x18\x3e\x76\x8a\x62\xb1\
\x88\x80\xeb\x94\x94\x07\x8a\x99\xc8\x6f\x80\xdf\x01\xf0\x7a\xbd\
\x5c\xbd\x7d\x00\xbf\xdf\x3f\x4d\xb1\xa4\x6d\x01\x8c\xf4\xee\xeb\
\x0d\xf8\x76\xe7\xbe\x81\xe4\xc3\xd5\x7d\x81\x6e\x2f\xe1\xd5\xa1\
\xa6\x7d\xfc\x74\xaa\x2d\x59\x1a\x5a\xb7\x34\x08\x44\x4e\xb1\x00\
\x33\x5d\x84\x14\x33\x95\x62\xf9\xca\x65\x2c\xe9\xed\xe6\xc8\xcb\
\xaf\x11\x3b\x3f\x86\x94\x74\x32\x29\x7c\x0f\x57\xbd\x6d\x80\x80\
\xdf\x5f\x3b\x6f\x52\xc9\x9a\x15\x3f\xc8\x96\x7c\x1b\x6d\xc4\xaa\
\x3d\x9d\x61\x5f\xb1\xf0\x9f\x48\xf9\x61\x28\x47\xf6\x91\xfe\x10\
\xd1\xb5\x9d\xad\x15\x7e\x1d\xc1\xce\xa6\x08\xd2\x82\x5b\xf0\x78\
\x3c\x6c\xda\x7a\x19\x97\xac\x5f\x3b\x69\xd6\x3d\x5e\x0f\x57\x6d\
\x9b\x2a\xfc\xe9\xf7\x44\x34\x27\xca\x37\x95\x05\xe8\xdf\xb5\xa4\
\xb7\x44\xf1\x3f\x80\xcd\x00\x4e\x8f\x83\xee\x4b\xbb\x70\xfb\x1b\
\xff\x99\xaa\xa8\x28\x15\x14\x93\xc9\x34\x59\x4e\xf6\x48\xe7\xcc\
\x2f\xb6\x2a\x7c\x69\x10\xa0\xb4\xe0\x0a\xcc\xf6\x4f\x9e\x27\x0c\
\xae\x42\x08\x56\xad\x59\x49\x47\xa8\x83\x57\x5f\x3e\xc2\x96\x81\
\x2b\x08\x04\x03\x53\x94\x66\xa6\x62\x35\xc7\x9b\x46\x01\xd6\xee\
\xeb\x5d\x52\x2c\xe6\x7e\x26\x91\xeb\x00\x5c\x3e\x27\x4b\x36\x84\
\x71\xb8\x66\x0a\xb0\x90\x29\x92\x4d\xe4\xc9\xa5\x0a\x14\x26\x8a\
\x14\xb3\xa5\x99\x7d\xf3\x0a\x42\x08\x5c\x3e\x07\x2e\xbf\x13\x4f\
\xd0\x8d\xaf\xd3\x83\xc3\xeb\x30\xed\xee\x99\xb6\xee\xaa\x82\xd4\
\xd9\x9e\xe1\xcb\x0d\x4a\x11\xed\x8e\xf2\x3b\xd7\x77\xcf\xd8\x3f\
\xc5\x0a\x18\x94\xa9\x19\xde\x14\x0a\xb0\x6c\x70\x99\xbf\x58\x9c\
\xf8\x61\x55\xf8\xee\x80\x8b\x25\xeb\xbb\xa6\xb4\xde\xc2\x44\x91\
\xf4\xf9\x2c\x99\x58\x96\x62\xae\x64\xf9\xda\x5a\x6b\xf2\x99\x22\
\xf9\x4c\xf9\x7c\x00\x97\xcf\x45\x47\x8f\x9f\xce\x9e\x20\x2e\x8f\
\xc3\xb4\xbb\x37\xbd\x1b\x38\x55\x59\x66\x06\x84\x93\x2d\xda\xc4\
\x2d\xcc\xb6\x5d\x55\xa6\x66\x73\x7a\xbf\xfd\x0a\xf0\xef\x38\x3c\
\xc7\xb2\xdf\x06\xb9\x1d\x2a\xc2\xdf\x10\x9e\xf4\xf7\xd9\x44\x9e\
\xc4\x99\x34\xd9\x78\xde\xf4\x74\x8d\x3e\x0a\xe2\xb0\xd0\x7a\x48\
\xc3\xa8\x80\x0c\x1a\xad\x05\x01\x81\xe8\x41\xd0\x8f\x62\x03\x92\
\x35\xd5\x73\x0a\x13\x05\x62\x27\xe2\x8c\x0d\x27\xe8\xe8\x0e\xd0\
\xbd\x22\x8c\x37\xe8\xa9\xeb\xd7\xab\x21\xdb\x64\x2b\xae\xe7\x22\
\xa6\xb5\xee\x7a\xca\x24\xcd\x8e\xbf\x58\x15\x60\xf5\xb1\xc8\x6e\
\xe0\x36\x28\xfb\xfc\x9e\x75\x5d\x48\x87\xa0\x30\x51\x64\xec\x44\
\x72\x86\xe0\x15\xea\x1c\x5a\xfe\xc0\x21\xd4\x8f\x0a\x6e\xf5\x73\
\xab\xa3\x73\xfd\xbb\x96\xf4\x22\x8b\xd7\x2b\xad\xdf\xaf\xb5\xb8\
\x55\x4a\x3a\xb5\xd6\x24\x46\x52\x24\x46\x52\x74\xf5\x86\x58\xb6\
\xa6\x07\x87\xc7\x3d\xa3\x75\x37\x72\x11\xd6\xf3\x08\xf5\x13\x4d\
\x17\xa5\x02\xf4\xef\x89\xdc\xa4\xe1\x6e\x00\xe9\x94\xf4\xac\xeb\
\xc2\xe1\x94\xc4\x4f\xa5\x49\x9c\x4e\x4f\xf3\xeb\xfa\x69\xb4\xfc\
\xbb\x9e\xe8\xf8\x8f\x5f\xbc\x8b\xc2\x5c\xef\xf5\xfa\xfd\x6f\x9c\
\x03\x1e\x05\x1e\xed\x7b\xa8\xcf\x27\x73\x13\xbf\x8f\xd0\x9f\x02\
\xae\x04\x18\x3f\x97\x20\x79\x3e\xc5\xb2\xb5\xbd\x74\x2f\x8f\xce\
\xda\xdd\x9b\xbe\xdf\xcc\x45\x4c\xc9\x1d\x18\xba\x7b\xc6\xc0\x73\
\x8a\xb5\x69\x32\x0a\xfc\xad\x55\x80\xe5\xbb\x3b\xa2\x5a\xa9\x6f\
\x20\xcb\x7e\x3e\xba\x36\x84\x74\x48\xce\x1e\x8a\x91\x4f\xd5\xe4\
\xab\x15\xcf\x09\xc1\x5f\x1d\xdf\x31\xf6\x02\xc0\xf1\x16\xdc\xfb\
\xe4\xa7\x4f\x4e\x00\xdf\x44\xf3\xad\xfe\xbd\x5d\xef\x2f\xc1\x97\
\x25\x72\x5d\xa9\xa4\x38\x79\xe4\x0c\xc9\xb1\x34\xfd\x1b\x56\xe2\
\x74\x39\xea\xba\x85\xea\x8f\x71\x0c\x61\xd2\xb4\x1b\x5d\x84\xd5\
\xf8\xa1\xc9\x6e\xe0\x6f\x6d\x1e\xc0\x25\x5c\x5f\x47\xca\xe5\x00\
\xc1\x25\x3e\xa4\x53\x72\xf6\xe0\x68\x4d\xf8\x8a\x31\x81\xba\x73\
\x68\x47\xec\xfa\xe3\x3b\x62\x2f\x2c\xc8\x43\x08\xf4\xeb\xf7\x8d\
\x3f\x11\xcc\x8e\x6f\x42\xeb\x7b\x95\x22\x07\x10\x3f\x9f\xe0\xf0\
\x4b\x47\xc9\x4f\xe4\xa7\xfa\x7e\x93\xee\x5e\xcd\xcc\x4b\xc3\xb6\
\x21\x7e\xb0\x92\x47\x68\xb6\xf9\x33\x4f\x0b\xa0\x35\xe2\x99\xcf\
\x33\xb7\x31\xd3\x79\xf0\xce\x9d\x14\x01\xd6\xec\x0d\xbf\x07\xcd\
\xed\x00\x2e\xaf\x13\x5f\x97\x87\x37\x5e\x19\x43\x97\xaa\x26\x5f\
\xbf\x54\xd4\xe2\x03\x27\xef\x1b\x3f\xc5\x7d\x0b\xff\x5c\x2f\xef\
\x24\x0f\x63\x0f\xf6\xef\xe9\x7a\xaa\xa4\x79\x54\x0a\xb9\x3e\x9b\
\xc9\x71\xe8\xa5\x23\xbc\x75\xcb\x3a\x02\x41\xff\x34\x21\xcf\xae\
\x14\x8d\xba\x7b\x46\x2b\x31\x19\x60\x36\x19\x03\x34\x75\xd6\xe0\
\x20\x72\xc0\xb5\x72\x8f\x52\xe2\x2f\xa4\x24\xd0\xd4\x9d\x9b\x42\
\xbd\x9e\x53\xf2\x13\x9f\x71\x25\x1e\x04\xb9\x11\x20\xbc\xaa\x83\
\xf1\x93\xa9\xc9\xd9\x38\x1a\x9e\x0c\x64\x1d\x7f\xf0\xf2\xce\x91\
\xd4\xe2\x3d\x57\x8d\xb5\x7b\xc3\x9d\x45\x25\xfe\x4d\x0a\xde\x03\
\xe0\x72\x3b\xd9\x34\xb0\x11\x7f\xd0\x5f\x33\xd7\x0d\x22\x7b\xb3\
\xfd\x33\x63\x89\xa9\xae\xe0\xc4\xf0\x09\x9e\x7d\xe1\xd9\xf2\x77\
\x30\x87\xf9\x00\x4d\xb9\x80\x01\xe7\xca\xbb\x41\xdc\xbd\xb8\xc2\
\x07\x90\xfd\xbf\x90\xf9\xef\x57\x85\xef\x0d\xb9\x49\x9c\xcd\xd4\
\xa6\x62\x69\xfd\xb5\xa1\xb7\xc4\x6e\xbb\x50\xc2\x07\x78\xed\xde\
\xb1\x78\x4f\x34\xf6\x7b\x68\x1e\x01\x28\xe4\x8b\x1c\xdc\xff\x0a\
\x85\x7c\xa9\x35\xdd\x3d\x83\xeb\x98\x9e\x50\x6a\x86\x39\xbb\x80\
\x27\x76\xad\xbc\x4e\x97\xc4\x17\x11\xe0\x09\x74\xf1\x96\xed\xb7\
\x37\x75\xe3\xb9\x92\xcb\x8c\x71\xf4\xf9\xef\xf2\x5f\x8e\x82\x0b\
\xca\x19\xba\x62\xae\x44\xa9\x32\xdd\x4a\x6b\xfd\xf0\xd0\x7d\x63\
\x1f\x47\x30\xfb\xc4\xbc\x45\xe0\xc5\xbb\x28\xdc\x30\x18\xbb\x73\
\xc8\x1b\x76\x83\xf8\x50\x2e\x9b\xe3\xd0\x81\xc3\x6c\xb9\x7a\x33\
\x42\x5a\xeb\xee\xd5\x55\x8a\x3a\xae\xa0\x59\x17\x30\x27\x05\x78\
\x6a\xd7\xd2\x9e\x7c\x49\xfc\xab\x94\x38\x40\x70\xcd\x1f\xfe\x0d\
\x1d\xd1\x4d\x4d\xdd\xb8\x19\x84\xc3\x49\xfc\xf9\x7f\x02\xca\x19\
\xba\x6a\x46\x4f\x29\x0e\x14\xf2\xde\x8f\xb5\x83\xf0\xab\xfc\xf7\
\x4e\x8a\xcb\x06\xbd\x77\x7a\xbc\xb9\xb5\xc0\x95\x89\xf1\x24\xc7\
\x8f\x0d\xf3\x96\x75\xfd\x96\xba\x7b\x75\x7b\x0e\x75\xf2\x08\x4d\
\xca\xdf\xba\x0b\x18\x1c\x44\x16\xb5\xfb\x61\x29\x59\x01\xb0\xf9\
\xe6\x8f\x2f\xaa\xf0\x01\x36\x5c\xfb\x09\xae\xf2\x86\xa7\xef\x1e\
\xd7\xae\xe2\x87\xcf\xec\x3c\x93\x59\xd4\x87\xb1\xc0\x3a\xce\xe4\
\x51\xea\x58\xf5\xf7\x53\xc3\xa7\x51\x25\x35\xef\xee\xde\xf4\xfd\
\xd5\xff\x9b\xc1\xb2\x05\x28\xfb\xfd\xf2\xac\x94\x40\xa4\x87\xe8\
\x9a\x95\x64\x12\x3f\x6f\xea\xa6\xf3\xe1\x4b\xb7\xfc\x29\x9f\x7d\
\xec\x2b\x1c\xa4\x40\x27\x42\xf5\x69\xf9\xe7\xdf\xbe\x3b\x76\xac\
\xf1\x99\x8b\xcb\xc6\x41\xdc\x43\xee\xf0\x23\x48\xf1\x41\x00\xa7\
\xcb\xc9\x96\x81\xcd\x38\x9d\xae\x79\x75\xf7\xa6\x6e\x1b\x95\xa2\
\x39\x2c\x29\x80\xd1\xef\x3b\x5c\x6e\x36\xde\x74\x2b\xaa\x34\x82\
\xb2\x3e\xa6\xd2\x32\x22\xe1\x20\xf7\x6f\xbb\x85\xa3\xbf\x78\x1a\
\x40\x6a\xc5\xe7\x6f\x7f\x70\xfd\x93\xb7\xdd\xf3\x4a\x72\xf1\x9f\
\xc6\x9c\xbe\x87\xfa\x7c\x99\x5c\xe6\x7b\x08\x6e\x01\x70\xb9\x5d\
\x6c\xb9\xea\x0a\x42\x9d\xa1\xf9\x77\xf7\xa6\x8c\x27\xd4\x5c\x44\
\xb3\xa9\xc0\x86\x76\xe3\xa9\x5d\x4b\x7b\xb4\x16\x8f\x50\x99\x4c\
\xb9\xee\xda\x77\xe3\xef\x8c\x34\x75\xb3\x56\xb1\xe2\xf2\x01\xba\
\xd7\x5c\x0a\x80\x90\xac\x13\xf9\xcc\x3f\x68\xdd\x74\x23\x68\x29\
\x1b\x07\x7b\x82\xce\x7c\xfa\x47\x55\xe1\x7b\x3c\x6e\x06\xb6\x5d\
\x49\x28\xd4\x51\xdf\xaf\x1b\xb6\x67\x0e\x1b\x5b\x48\x17\x57\x8e\
\x6f\x86\x59\x15\x60\x70\x10\x59\x50\xee\x6f\x02\xcb\x01\x96\x6d\
\xb8\x82\x25\x97\x6c\x6c\xea\x46\xad\x66\xfd\x0d\xef\xc5\xdb\xd1\
\x09\x80\x10\xe2\x23\x4f\xec\x5a\xf5\x27\x17\xf8\x91\x58\xbb\x37\
\xdc\x99\xf1\x94\x7e\x52\x2d\xda\xf0\xfa\xbc\x6c\xdd\xbe\x85\x60\
\x30\xd8\xb2\xee\x5e\xbd\xb9\x04\xcd\x32\xab\x02\x6c\x75\xad\xbc\
\x47\x54\x12\x1a\xc1\x48\x37\x97\xbe\xfd\x7a\x04\x85\xb6\xf8\xe7\
\x72\x4b\x2e\xbb\xf1\x7d\x48\x59\x4e\x44\x2a\xd4\x57\x1f\xdf\xb5\
\x62\x73\xd3\xdf\xc4\x3c\x59\xbe\xbb\x23\xaa\x34\x4f\x23\x78\x3b\
\x94\x8b\x36\xb6\x6e\xbf\xb2\x32\x8d\xab\x9e\x2f\x6f\xae\xbb\x37\
\x7d\xff\x7c\xa8\x1b\x03\x3c\xb1\x6b\xe5\x75\x5a\x8b\x2f\x02\x38\
\x5c\x2e\x36\xde\xf8\x1e\xa4\x54\xa0\xcd\xc7\xd5\x2f\x04\x1d\xdd\
\x61\xd6\x6e\xbb\x86\xa3\xcf\x3f\x87\x44\x7a\x75\x89\x47\x1f\xdf\
\xb5\xea\x0b\x8b\xfd\x1c\xc7\x51\x9d\x5f\xd7\x13\xf7\x66\x85\xee\
\x03\x08\x04\xfd\x6c\xb9\xfa\x0a\x3c\x1e\x6f\xcb\xbb\x7b\xd3\xb7\
\xe7\x8b\xa9\x02\x3c\xb5\x6b\x69\x4f\x51\x8b\x47\xa8\x58\x88\xf5\
\xd7\x5e\x4b\xa0\xd3\x07\xe5\xb1\x8e\xb6\x62\xe5\xe5\x1b\x18\x3f\
\x33\xcc\xf9\xa1\x21\x84\x64\x1d\x9a\x6f\x2e\xe6\xfd\xc7\x85\xe6\
\xdb\x72\x82\x6c\x25\x05\x11\x0c\x05\xd9\x32\xb0\x19\xb7\xc7\xbd\
\x30\xdd\x3d\xc3\x75\x5a\x81\xa9\x02\x14\xb4\xfb\x53\xa2\xe2\xf7\
\x97\xaf\xbf\x94\xde\xb5\x2b\xdb\xaa\xe5\x4f\xe7\xad\xd7\x5f\xc3\
\xaf\x1e\x1b\x25\x9b\x5a\xdc\x0c\xf0\x79\x14\x7f\x2f\xb3\xc4\x2a\
\xc2\x0f\x75\x76\x70\xe5\x55\x9b\x71\xb9\x5c\x06\x41\x4d\x6d\xc9\
\xf3\xef\xee\x95\x95\xa2\x55\x98\x2a\x80\xd0\xac\xad\xba\x96\x75\
\xd7\x5c\x89\xa0\x7d\x85\x0f\xe0\x72\xc3\x96\x5b\xde\x41\x7a\x2c\
\xbe\x68\xf7\x3c\x91\x49\xf3\x85\x5f\xff\x92\x58\x4e\x01\xd0\x15\
\xe9\xe4\x8a\xad\x9b\x70\x3a\x9d\x33\x22\xf4\x56\x76\xf7\x5a\x61\
\xf6\x8d\x98\x2a\x80\x16\xe8\xea\x6d\x1c\xb2\x04\xfa\x02\x74\xf8\
\xe7\x88\xbf\xc3\x8d\xbf\xa3\x67\x51\xee\x15\xcf\xe7\xf8\xf4\xe3\
\xcf\x30\x92\x2b\x4f\x12\x8d\x44\xc3\x6c\xda\x7a\x19\x4e\x87\x73\
\x76\xbf\x6e\xd8\x5e\xec\xee\x5e\x3d\x2c\x24\x82\xda\xbb\xf5\x5f\
\x08\x9e\x3e\xf1\x3a\x23\x99\x09\x00\x22\xdd\x61\x2e\xbb\x62\x23\
\x42\xc8\xf2\xa8\xa4\x10\x88\xca\xac\x52\x84\x46\x50\x59\xb9\x63\
\xda\x7e\x4d\x79\x71\x09\x84\x40\xa3\xcb\x93\x2b\x04\x68\x34\x5a\
\x6b\xa4\x00\x85\x40\x68\x2a\xe7\x82\xd0\xf5\x85\xaf\x94\x6a\xea\
\x6f\xa9\xe7\x02\x26\xd3\x2a\xa2\x8d\x7d\xff\x85\xc2\x2d\x6a\x5f\
\x76\xec\xfc\x18\xcf\x3e\xbd\xf8\x29\xf1\xd9\x90\x94\x2c\xaf\x3c\
\xd2\xd0\x02\xb4\xbb\xff\xbf\x10\xdc\xb8\xb2\x9b\x15\x41\x3f\xa7\
\x52\x6d\x37\xfe\x84\x46\xfd\xea\xf8\xa5\xe3\xff\x63\xf5\x78\x73\
\x05\x30\x0c\xab\x6a\x95\x6f\x36\xcd\xfc\xa6\x25\xe0\x84\x47\x6e\
\xd9\xc6\xb7\x0e\x0d\x71\x3a\x9d\x5d\xf4\xfb\x8f\xbf\x91\x20\x9b\
\xca\xa3\x15\xfa\x7f\x1d\x85\xef\x54\xf7\x6b\xcd\x21\x57\x4e\x7e\
\xb5\xba\xae\x80\x15\x2c\x59\x00\x5b\xfe\x33\xe9\xf1\xc2\x5f\x6e\
\x69\x7e\x01\xb1\xf9\x70\xe0\x99\x63\x9c\x4b\x8c\x81\x42\x7d\xf7\
\xb3\xe7\xfe\x68\x3e\xd7\x32\xef\x05\x68\xad\xab\xdd\x0d\xa1\x73\
\x2d\x8f\x3c\x6d\xe6\x89\x6e\x2e\xe0\x33\xa3\xa1\x0b\xb0\x7b\x01\
\xed\xc8\x42\x2b\x80\x01\xdb\x02\xb4\x1f\x62\xa1\x15\xc0\xd8\x0d\
\x44\xe7\xe7\x34\xd9\x40\x6b\xdd\x4a\x0b\x65\x63\x46\xf5\x0b\xd6\
\xf0\xd3\xc1\xd5\x96\xd6\xbb\x19\xb9\x6c\xa8\x70\x87\x49\x70\x68\
\xc1\x02\x14\xca\xc9\x88\x06\x28\x05\x07\x5f\x48\x72\xfa\x58\x96\
\x06\x0b\x66\xda\xb4\x0a\x07\x8e\xa4\x43\x4f\x58\x39\xd4\x7d\xb8\
\x2f\xf7\xc3\x2f\xca\x7f\x3e\xd3\xd3\xf3\xc9\xbb\xee\x7a\x71\xb2\
\x76\xce\x54\x01\x94\xd0\xba\x36\xcb\xcc\x5a\x2f\xe0\xb5\xdf\xe4\
\x38\x79\x74\xf1\xbb\x44\x36\xd6\x90\x52\x7a\x80\x8f\x2d\x7b\x63\
\xe4\x35\xe0\xcb\xd5\xfd\x8d\x53\xc1\x3a\x8f\x95\xc9\xd6\x6f\x9c\
\x2a\x07\x8b\xde\x40\x98\x35\x03\x37\x36\xfb\x9c\x36\x0b\x81\x56\
\xbc\xf2\xdc\x63\x68\xad\x51\x5a\xff\x2e\x8d\x14\x40\x68\x39\x25\
\x15\xdc\xc8\x02\x28\x0d\xc9\x58\xd9\x2f\x2d\x7f\xeb\x35\x5c\xb2\
\xfd\xcf\x5a\xf2\xdc\x36\xad\xa1\x54\x18\xe3\xf0\xb3\xdf\x07\x40\
\x48\x71\xd6\xf8\x99\x85\x18\x20\xdf\x30\x06\x48\x8f\x83\x52\xe5\
\xa9\x59\x91\xbe\xf5\x58\x32\x19\x36\x8b\xc6\x44\x62\xb8\xf6\x8b\
\x66\xbf\xf1\x33\x73\x0b\x30\x25\x0f\x50\x6c\x78\x83\xc4\x58\xad\
\x40\xb8\x94\x3d\x42\x3e\xd1\xf8\x1c\x9b\xc5\xe3\xec\xab\x07\x26\
\xb7\x05\xba\xb1\x02\x18\xb1\xd2\x96\x13\xb1\x9a\x93\xf0\xf8\xd3\
\x94\x0a\xc7\xad\x3f\x9d\xcd\x82\x33\x3a\x5c\x7e\x8f\x80\x52\x68\
\x3c\xfe\x03\xc6\xcf\xcc\x15\xc0\x98\x07\xb0\x40\x3c\x56\x9e\xa2\
\xe4\x70\x3a\xf0\x77\xfa\x68\x65\xa6\xca\x66\xfe\x24\x47\xcb\x33\
\xa5\x04\x1c\xb9\x75\x5a\x01\x8d\x85\x5e\x40\x83\x8f\x35\xc4\xc7\
\xca\xdb\xc1\x48\xa8\x3c\x8b\xb4\xce\x9a\x7b\x36\x8b\x4f\x21\x57\
\x20\x9b\xaa\xa4\x0a\xe4\x54\xff\x0f\x16\xa6\x84\x35\x22\x93\x12\
\x14\x0b\xe5\xa3\x3b\x22\x1d\xd8\xad\xbf\xbd\x48\xc6\xc6\x0d\xbf\
\x69\x6b\x0a\x30\x17\xe2\x63\x35\x55\xe9\x88\x76\x60\xf7\x00\xda\
\x8b\xe4\xa8\xe1\x55\x32\x82\x97\xa6\x7f\x5e\x27\x0f\x50\x99\xa0\
\x46\x63\x71\x26\x63\xb5\x29\xca\xa1\x68\x10\xdb\x02\xb4\x17\x49\
\xc3\x5b\xeb\x44\xbe\xb8\x70\x16\x40\x48\x41\x20\x1c\xc0\xb6\x00\
\xed\x45\xd5\x02\x68\x38\x79\xeb\xce\x33\xe7\xa7\x7f\xde\x78\x3e\
\x40\x03\x79\xc6\x2b\x5d\xc0\x60\x57\xa0\xb2\x64\x9f\x6d\x01\xda\
\x85\x52\xb1\x44\x26\x5e\x99\xb7\xa8\x66\x06\x80\x30\x4f\x0b\x90\
\xcd\x08\x72\xd9\x4a\x00\x18\x0d\xd2\x46\x2b\xb4\xd8\x00\xe9\xb1\
\x94\xf1\x65\x92\x33\xfc\x3f\xd4\x9d\x12\x86\xb6\x32\x05\xc0\x18\
\x00\xda\xfe\xbf\xfd\x98\x16\x00\xb6\xde\x02\x24\xc6\x6a\x01\x60\
\x47\x38\x60\xf7\xff\xdb\x8c\xc4\x68\x2d\xe7\x23\x9c\xae\x39\x28\
\x80\x45\x5b\x1e\x37\xac\xb3\x1d\x8c\xf8\xb1\x2d\x40\x7b\x91\x1c\
\x2d\x17\xcb\x6a\x88\x7d\xe0\x9e\xd7\x86\xb9\x77\xe6\x31\x8d\xc7\
\x02\x66\x51\x85\x44\xa5\x0b\xe8\x0f\xf9\x70\xba\x24\x76\x0f\xa0\
\x7d\xd0\x4a\x93\x1a\x2f\x07\x80\x02\xf5\x92\xa8\xd3\xa8\x1b\xe6\
\x01\xea\x51\xc8\x43\x26\x5d\x3e\x26\x14\xb5\x5b\x7f\xbb\x91\x8e\
\x67\x50\xa5\xb2\x4c\xb4\x16\xa6\xe6\x1f\xea\xa6\x82\x65\xc3\x54\
\x70\xdc\xe8\xff\x23\x76\xff\xbf\xdd\x48\x8c\x1a\xd7\x4a\x98\x99\
\x02\xae\xd2\x74\x10\x18\x9f\x92\x01\xf4\xb5\x74\xaa\xb2\xcd\xfc\
\x49\x1a\x14\x40\x48\xc7\x1c\x15\xc0\xc2\x70\x70\x62\xac\xb6\xdd\
\x11\xf1\x63\x5b\x80\xf6\x22\x19\x2b\xfb\x7f\xa5\x48\xe7\x37\x0c\
\x1d\xa9\x77\x5c\xd3\x16\xa0\x1a\x00\x7a\x03\x6e\xdc\x5e\x89\x1d\
\x03\xb4\x17\x55\x05\x90\x52\x1d\x30\xab\x07\xa8\xd2\x70\x4a\x98\
\xd6\x82\xe9\xad\xbb\x54\x84\x54\xa2\x3a\x04\xec\x9b\xf1\xb9\xcd\
\x85\x25\x93\xc8\x51\x2c\x54\x56\x51\xa7\x7e\x00\x08\x4d\x5a\x80\
\xc4\xb8\x9c\xec\x1e\x86\x22\xbe\x96\x16\x2b\xda\xcc\x9f\xc4\x68\
\xba\xf6\xcb\x2c\x3d\x00\xa8\x57\x18\xa2\xd1\x72\x96\x18\x20\x6e\
\x98\x03\xd8\x11\xf1\x62\x5b\x80\xf6\xa2\x6a\xfe\x01\xb4\x16\xa6\
\x63\x00\x55\x9a\xb3\x00\x86\x31\x80\xce\xa8\xd7\xee\x01\xb4\x19\
\xc9\xd1\xca\x14\x30\xa5\x0a\xf9\x52\xe8\xe0\x6c\xc7\xd6\x89\x01\
\xb4\x9e\xed\x0d\x04\xd5\x00\xd0\xe5\x71\xe0\x0d\x38\xb1\x2d\x40\
\x7b\x91\x88\x95\x15\x40\x23\x0e\xde\xb1\xf3\xe5\x59\xeb\xfb\xe7\
\x9c\x0a\x56\x5a\x90\x18\xaf\x64\x00\x23\x5e\xec\xe8\xbf\xbd\xc8\
\x66\x8a\xe4\xb3\x95\xba\x0c\x39\xbb\xff\x07\x2b\xe5\xe1\xd3\x48\
\xc5\xcb\x95\xc0\x00\xa1\xa8\xed\xff\xdb\x8d\x64\x6c\x4a\xb1\xf0\
\xac\xfe\x1f\x9a\x88\x01\xa6\x06\x80\x6e\x6c\x0b\xd0\x5e\x24\x46\
\x0d\x0a\x50\x67\x0e\x80\x91\x39\x4f\x09\x4b\x1a\xc6\x00\x42\x11\
\xcf\xcc\x03\x6c\x2e\x28\x89\x58\xb9\x44\x5f\x29\x74\xbe\x34\x71\
\xa0\xc1\xe1\x73\xb7\x00\xe3\xa3\xd5\x2a\x20\x89\xbf\xc3\x69\xe7\
\x00\xda\x8c\xe4\x68\x59\x01\x04\x1c\xb9\xc3\xc2\xfb\x13\xcd\x47\
\x03\x95\xd6\xc2\x24\x11\xa0\x75\x6d\x0c\xa0\x23\xec\x46\x5a\x59\
\x3a\xc4\x66\xd1\x28\xe4\x14\x13\xe9\x72\x00\x28\x4c\x6a\x00\xcc\
\x98\x93\x05\xc8\xa4\x05\xc5\x62\xb5\x07\x60\xfb\xff\x76\x23\x61\
\x08\x00\x35\x8d\xfd\x3f\xd4\xeb\x05\x48\x59\x1b\x0b\x30\xec\x37\
\x06\x80\xa1\xa8\x1b\xdb\xff\xb7\x17\x89\x98\xe1\x85\x1e\xb2\xfe\
\x1c\x00\x23\x73\xb2\x00\x09\xe3\x1c\x80\x88\x13\xdb\x02\xb4\x17\
\x89\x58\x2d\xe7\x63\x56\x05\x64\x86\xb9\x02\x28\xf4\xe4\xeb\xa4\
\x0c\x8d\xbc\x6a\x01\x84\x14\x04\xbb\xec\x0c\x60\xbb\x91\xac\x29\
\xc0\xf0\x07\x4c\xaa\x80\xcc\x98\x93\x05\xa8\xce\x02\xea\xe8\x72\
\x52\xf6\x12\xb6\x02\xb4\x0b\xa5\xa2\x26\x9d\x98\x5c\xfd\xcd\x52\
\xeb\x87\x7a\xbd\x00\x39\xb3\x3c\x3c\x9b\x11\xe4\x2b\x2e\x26\x14\
\x71\xd9\x55\x40\x6d\x46\x6a\x2c\x3f\x99\xb6\xd7\xda\x9a\xff\x87\
\x39\x2c\x11\x33\xa5\x0a\xc8\xf6\xff\x6d\x87\xd1\xff\x5b\xc9\x00\
\x56\xa9\xa7\x00\x33\x9a\xb7\x71\x16\x70\x28\xec\xb4\xab\x80\xda\
\x8c\xc4\xe8\xa4\xf9\x47\xe9\x92\xa5\x1c\x00\x58\xa9\x0b\xa8\xc8\
\x39\x51\xa9\x02\x12\x02\x42\x11\x7b\x0e\x60\xbb\x11\x8f\x55\x14\
\x40\x31\x7a\xdb\xe7\x4e\x9f\xe4\x73\xd6\xce\xb3\x1c\x04\x56\x03\
\x40\x7f\x87\x03\x87\x13\xec\x00\xb0\x7d\xd0\x0a\x52\xe3\xd5\x21\
\x60\xb5\xbf\x5e\x15\x90\x19\x75\xd6\x0a\x46\x1b\x5f\x4d\x58\xc8\
\xc1\x44\xb5\x0a\x28\xe2\xc0\x16\x7e\x7b\x91\x8a\x17\x27\x87\xe8\
\x67\xab\x02\x32\xc3\x52\x10\x38\xc5\xff\x47\x1c\xd8\xe6\xbf\xbd\
\x48\xc4\x6a\x0b\x73\x6a\x69\xbe\x0e\x40\x3d\x2c\x4d\x08\x31\x2a\
\x40\x67\x44\xda\x73\x00\xdb\x8c\x44\xac\x16\x00\x52\x72\xb6\xd6\
\x02\xa0\x6b\x01\x20\x54\x03\x40\xdb\x05\xb4\x13\xf1\x58\xb9\x06\
\x40\x29\xd2\xfb\x4b\xc7\xeb\x56\x01\x99\x61\x61\xad\xe0\x9a\x05\
\xf0\x06\x04\x6e\x0f\xd8\x0a\xd0\x5e\x24\x2a\x2b\xb5\x4b\xa9\x0e\
\xec\x7c\x60\x6e\xe6\xb9\xa1\x05\x28\x95\x20\x5d\xa9\x02\xea\x0a\
\x4b\x0a\xe9\xf6\x7f\x8f\xf0\xc5\xc4\xc4\x84\xa6\x54\xac\xa6\x00\
\x67\xaf\x01\x30\xa3\x4e\x71\xa8\x98\x8c\x01\x52\x09\x43\x15\x50\
\xc8\xc1\x44\xdc\x6e\xfd\xed\x44\x22\x51\x6b\xf0\x4a\xc8\x39\xf9\
\x7f\xb0\x60\x01\x52\x86\x95\x46\x7d\xfe\x99\x75\x82\x36\x17\x96\
\x4c\xca\x60\xf1\xeb\x2c\x05\x37\x1b\x0d\xd7\x0a\xae\xd6\x00\x80\
\x20\xda\xbf\x05\x97\x7b\xae\xb7\xb0\x59\x48\x52\x47\xff\x0f\x28\
\x58\xaa\x02\x32\xa3\xb1\x05\x48\x54\xd7\x01\x0a\xe2\x8f\xae\x9a\
\xfb\x13\xda\x2c\x1c\x5a\x31\x76\xee\x97\xe5\x6d\xc9\x6f\xee\x78\
\x60\xf6\x2a\x20\x33\x1a\xe6\x01\xaa\x01\x60\x64\x69\x17\x68\x3b\
\x00\x6c\x27\x72\x99\x38\xb9\x6c\x35\x05\x38\xb7\x0c\x60\x95\x86\
\x16\xa0\x9a\x62\x74\xcb\x53\xc4\x8f\x3e\xde\xcc\x3d\x6c\x16\x88\
\x64\xc2\x50\xbe\x21\x5a\xa9\x00\x26\x83\x09\xc1\x0e\xb0\x03\xc0\
\xf6\x22\x63\x58\x06\x60\x2e\x73\x00\x8c\x58\x1e\x0d\xec\x5a\xba\
\x12\xb7\xab\x99\x5b\xd8\x2c\x14\xa9\x23\x67\x80\x92\xe5\x2a\x20\
\x33\x2c\xad\x15\xec\xf1\xf9\x09\x2d\x1b\x98\xad\x62\xdc\x66\xd1\
\xd1\x8c\x8f\x3d\x01\x80\x94\xfa\xd5\x3b\x1e\x68\x5c\x05\x64\x86\
\x25\x0b\x10\x59\xda\x09\xc2\x1e\x00\x6a\x27\x4a\xf9\x24\x99\x64\
\x65\x14\xb0\xc9\x00\x10\xea\xc6\x00\x53\x17\x88\xf0\x7b\xe3\x64\
\xce\xfc\xa2\xd9\x7b\xd8\x2c\x00\xe9\x64\xad\x08\xc4\x6a\x15\x90\
\x19\x96\x2c\x80\xcf\x93\xa6\x90\x4a\x37\x3e\xd0\x66\xd1\x48\x8c\
\x6a\xa8\x14\x6f\x68\x0b\xeb\x00\xd4\xc3\xd2\x7c\x00\x7f\xc0\x81\
\x90\x66\x47\xda\x5c\x28\x92\xc6\x31\x00\x87\xb5\x2a\x20\x33\x1a\
\xa6\x82\xa5\x43\xd0\xb3\xf1\xbd\x08\xe9\x30\x3b\xd4\xe6\x02\x91\
\xfa\xf5\xd3\x40\x0a\x60\xf8\x43\x3b\x4e\x8f\x36\x7b\x1d\xd3\x76\
\x2d\x0d\x7b\xc3\x3d\x41\x5b\xf8\x6d\x86\x2e\x15\x89\xd7\xd6\x02\
\x6c\xba\xf5\x43\xdd\x75\x02\x75\x42\x54\x7c\x80\x74\x4a\x46\x4e\
\x9c\x98\xcf\x3d\x6c\x5a\xcc\x44\x3a\x53\x7b\x17\xd0\x3c\xfc\x3f\
\xd4\x51\x80\x92\x50\xff\xe2\x2c\x89\x07\x91\xc2\x31\x72\x32\xce\
\xc8\xc9\x79\x29\x99\xcd\x02\xa2\x84\xf8\xd9\x7c\xce\x37\x75\x01\
\x65\x9f\xa2\x3f\x0a\x7a\xce\xa3\x4b\x36\x8b\x88\x56\xff\x78\xeb\
\x8e\xa1\x67\xe6\x73\x89\x59\x73\x7b\x4f\xed\x5a\xda\x53\x50\xce\
\x01\xb4\x9c\xf7\x0b\x26\x6d\x5a\x8d\x7e\xfd\xd6\x07\x86\xe7\x3c\
\xfe\x6f\x63\x63\x63\x63\x63\x63\x63\x63\x63\x63\x63\x63\x63\x63\
\x63\x63\x63\x63\x73\x31\xf2\xff\xae\xda\x7b\xb3\xf7\xe9\x1a\x5e\
\x00\x00\x00\x00\x49\x45\x4e\x44\xae\x42\x60\x82\
\x00\x00\x20\x11\
\x89\
\x50\x4e\x47\x0d\x0a\x1a\x0a\x00\x00\x00\x0d\x49\x48\x44\x52\x00\
\x00\x00\x80\x00\x00\x00\x80\x08\x06\x00\x00\x00\xc3\x3e\x61\xcb\
\x00\x00\x1f\xd8\x49\x44\x41\x54\x78\x5e\xed\x7d\x0b\x98\x5c\x55\
\x95\xee\xbf\xf7\x79\xd4\xbb\xdf\x8f\x24\x9d\x74\x9e\x0f\x42\x02\
\x09\x90\x84\x04\x89\x40\x20\x20\x60\x46\x46\xf0\x8a\x30\x40\x78\
\x5c\x19\x44\x47\x11\x41\x14\xbc\xc0\x30\x5e\xe7\xbb\xea\xc5\x6f\
\xd0\x11\x45\xe0\xa2\x88\x31\xc2\x5c\x24\x88\x8c\xa0\x22\x8c\xc8\
\x23\x40\x48\x78\x24\x81\x90\x0e\x24\x21\xfd\x7e\x54\x75\x75\xbd\
\xce\x5e\x77\x73\xfa\x7c\x75\xaa\xfa\x9c\xea\x53\xe9\xea\xbe\xe9\
\xee\xd4\x9f\xef\xff\xd6\xae\xaa\x53\x49\xaa\xd7\x5a\xff\x5a\xfb\
\x71\xaa\x19\x5c\xd0\xb8\x78\x25\xce\xbc\xfd\x17\x70\x83\xaa\x30\
\x18\x46\x06\x99\x8c\x61\x5a\x43\x7c\x64\x07\xc7\x8c\x04\xaa\xfc\
\x2a\x1a\xc2\x3e\x4c\xa9\xf0\xa3\x31\x12\x90\xf4\x63\x8a\x64\xa3\
\x7c\x5c\x1b\xf2\x81\x01\x48\x1b\x84\x8c\x10\xd2\x9a\x94\x63\x42\
\x46\xda\xb4\x10\xd2\x12\x08\x4e\x30\xeb\xdf\xd6\x38\x97\x56\x92\
\xcb\xb1\xb4\x9a\x39\xfe\xc8\x32\x30\xc6\x70\x38\x60\x08\x81\xf6\
\x58\x12\xad\xd1\x04\x0e\x4a\xb6\xf6\x49\x46\x07\xb2\x8f\xbb\x07\
\xd2\xe0\x5c\x81\xa2\x7c\x44\xd5\xb2\x0a\x54\x45\x35\x09\xc6\x60\
\x08\x0c\x8b\x3f\xdc\x7a\x09\x5a\xdf\x7c\x09\xa3\x0d\x06\x17\xac\
\xbb\xfd\xe7\x66\x10\x30\x97\xcb\x38\x67\xf3\x40\xf4\x65\x30\xf6\
\x49\x00\xb3\x7a\x7a\xbb\x31\x90\x88\xc3\x0d\x3f\xbf\x78\x95\x19\
\x00\x47\x1a\x6e\x78\x6c\x2b\xb6\x1d\xe8\x81\x1b\x74\xdd\x87\xda\
\xea\xba\x16\x00\x5b\x85\x30\x9e\xe6\x9c\xff\x0e\x40\x8b\x10\x00\
\x72\x42\x9f\xe0\x80\x19\x00\x4f\xdd\x7a\x29\x46\x13\xaa\xab\x02\
\x1c\xbd\x12\x20\x80\x18\x2c\x10\x98\x79\x2d\xbb\x99\x08\xb7\x48\
\xab\x82\x60\x82\x88\x4c\x9a\x28\xc3\xf3\x67\x42\x82\x40\x84\x59\
\x00\x66\x31\xa6\x9c\x47\x84\x1f\x02\x78\x06\xa0\xbb\x01\x3c\x42\
\x40\xc6\x3d\x0a\x48\xfa\x65\x05\xd6\xdd\xf6\x00\x9e\xba\xed\xb2\
\xb1\x0b\x80\x63\x3e\x73\x2d\x68\xd0\xe1\x76\x04\x48\xc3\x18\xbb\
\x1f\xc0\x3f\xe4\xc6\xe6\x82\xc6\x10\x5a\x44\x0c\x2d\xf1\x18\xdc\
\x40\x47\x72\x00\x08\x01\x37\x54\x04\x14\x1c\x33\x3d\x8c\xed\xfb\
\xa2\xc8\xc1\xa9\x8c\xe1\x54\x80\xbd\x0b\xa2\x9b\x88\xf0\x88\x9b\
\x0e\x90\x64\xc3\xe2\x95\xa6\x8f\xb6\xff\xe6\x47\x63\xa5\x00\xb6\
\xf3\x58\xd6\x85\xec\x5a\x22\xfc\x83\xdb\x35\x44\x02\x42\xd2\x15\
\x45\x28\xc3\x57\xff\xef\x2b\x78\x7d\x7f\x17\x0e\x15\xdf\xff\xfb\
\xe5\x58\xd6\x54\x3d\x6e\x03\x40\x90\x28\xa8\x00\xa0\x82\x3f\x9a\
\x79\x00\x7b\x98\x31\x3c\x4e\x24\xae\x01\xb0\x8f\x5c\x7e\x9e\xc7\
\xca\x00\x90\xe5\x00\x6d\x6f\xbd\x3c\x46\x01\x40\x04\x30\x66\x05\
\x01\xaa\x00\xfc\x0b\x81\x5c\x2e\xb3\x28\xa8\x84\x6c\x11\xde\xef\
\x9f\x48\xfa\xe2\xfc\x4c\xce\xd7\x00\x49\xc2\x30\xf8\x24\x18\x5b\
\x0e\xa2\x0b\x40\xf8\xab\x9b\x96\x5a\xa5\xa0\xe4\x20\x50\x51\x08\
\x64\x69\x00\xc3\xf9\x8c\x50\xe5\x11\xed\xa5\x66\xcb\x64\xf1\xbf\
\xb7\x02\x10\x15\x1b\xbf\x53\x00\xf6\x34\x18\x9d\x07\xc2\x7f\x42\
\x82\x86\xa8\xea\x19\xb7\xfe\x1f\x3c\x7d\xfb\x86\x92\x82\x40\x2d\
\x28\xff\xf6\xe8\x54\x80\x0a\x06\x09\x91\x18\x61\x13\x58\x5a\x13\
\x49\x13\xb4\x09\x14\xd9\xd7\x24\xbd\xe1\x67\xc0\xc3\x04\x9c\x2a\
\xf9\x0a\xc8\xd9\x13\x9c\x2e\x83\xe0\x57\x9f\x5d\x3c\x8a\x01\x40\
\x94\x37\x03\x60\x44\xd3\xa9\xa0\x13\x08\x82\x24\x45\x89\x0a\x20\
\xc4\x24\x29\x01\xde\x9f\x89\x88\x6c\x5b\x1c\xc2\x92\x8f\x83\x68\
\x35\x80\x16\x37\x25\x58\xfb\x3f\xee\xc7\x9f\xfe\xf9\xf2\xd1\x2c\
\x01\x64\x07\xa8\xd7\xe2\xca\x70\x53\x9e\x22\x9c\x44\x62\x84\x0a\
\x40\x18\x7f\xf0\xfe\x4c\x23\x55\xcb\x29\x8c\xb1\xdf\x13\xd1\x6a\
\x02\x7a\x86\x2a\x81\x9c\x1e\x8e\x38\x08\x54\xd7\xce\xbe\xc8\x4e\
\x9e\x08\xc3\x2b\x00\xc1\x13\xd6\xfb\x27\x89\x00\x78\x7f\x26\x12\
\x62\xa4\x65\xef\x28\xc9\xcd\xcc\x30\xd6\x81\x44\x82\x18\x07\x71\
\x96\x75\x5a\xc3\xa2\xe5\x58\xfb\xad\xfb\xf0\xa7\x3b\xae\x18\xa5\
\x59\x00\x8a\x51\x00\xb2\x3e\x8c\x28\xa9\x63\x96\x9c\x7c\xb3\x80\
\xc2\x4d\x60\x29\xb1\x7b\x32\x29\xca\x2f\x02\xb1\xbe\xcf\x18\x5c\
\x45\x46\xd5\x61\x28\x6a\x76\xc6\x56\x2f\x95\x60\xf1\xf9\xd7\xe0\
\xcd\x47\x7e\x5c\x52\x00\x14\xaf\x00\xd9\x8e\x97\x4a\xab\x97\x93\
\xa6\x09\xf4\xfe\x4c\x02\x1e\x3d\x80\x37\x2e\x48\xeb\xc1\xef\x86\
\xfa\x3a\x6f\x48\x6b\x3a\x52\x9a\x0f\x69\x49\x70\x05\x60\xc0\x92\
\x0b\xae\x31\x67\x05\xed\x6f\x6f\x29\xa1\x09\x2c\x5a\x01\x00\x42\
\xa9\x0a\x60\xbd\x7f\xf2\x34\x01\x0e\x55\x74\xa8\x03\x4a\x43\x46\
\xd3\xbf\x16\x0f\x57\xb5\x54\x76\x7d\xf8\x23\x4d\xf3\x21\xa5\xfb\
\x91\xd4\x03\x90\xcf\x83\x18\xc3\x69\xdf\xba\x17\x7f\xbe\xe3\x4a\
\x33\x08\x4a\xef\x01\x40\x9e\x0d\x20\x89\x12\x9a\x40\xeb\xfd\x93\
\x03\xde\x9f\xc9\x7c\x9e\xc8\xb3\x41\xd6\xe2\x31\x4c\xdd\xfa\x2c\
\x1a\xf7\xef\x02\x67\x1c\x6d\x4d\xf3\xb1\x77\xf9\xe9\x10\x9a\x0e\
\x09\xa4\x7c\xfe\x1f\xf4\x56\x35\xec\xab\x6b\x6d\xf9\xad\xa6\xf9\
\xa1\xf9\x12\x48\xf8\x02\x48\xfa\x82\x10\xaa\x96\x1b\x04\xa5\xf5\
\x00\x04\x36\x7c\x09\x10\xc3\x2c\xe4\xd0\xd8\x2d\x04\x11\x26\xec\
\x42\x90\xa7\x80\xd5\xec\xde\x8e\x75\xbf\xfe\x5f\x98\x13\xf4\xc1\
\xef\xf3\x41\x02\xe2\xe0\xdb\xd8\xfb\xca\xef\xf1\xc4\x59\x57\xa2\
\x6d\xde\x52\x48\xa8\x49\x7f\xe8\xc1\x78\x20\x72\x46\x65\x77\xeb\
\x8b\x7a\xc2\x07\xdd\x17\x30\x95\x20\x1e\x8c\x20\xe5\x0f\xe1\xb4\
\x5b\x7e\x86\x4d\x17\x2f\x2b\xad\x07\x60\x20\x8f\x26\x50\x80\x44\
\x89\x4d\xa0\x98\x2c\x25\xc0\xfb\x33\x11\x89\x61\x17\x82\x22\xfb\
\xde\xc1\x39\xbf\xfa\x0e\x66\x57\x46\xf0\x61\x67\x27\xfa\x62\x31\
\xf3\xfa\xa0\xcf\x87\xc6\xba\x3a\x5c\xfe\xc4\x8f\xf0\xa7\xf9\xab\
\xb0\xe5\xcc\x4b\x40\x8a\x1a\xee\x6e\x98\xf1\x68\xa4\xbb\xed\xd4\
\x50\x6f\xc7\x4e\xbf\xa6\x23\xa3\xfb\x11\x88\xf7\xa1\x3f\x58\x81\
\xfe\x70\x15\x4e\xb9\xf9\x67\xf8\xcb\xb7\xaf\xf2\x0c\x80\xc2\x45\
\x80\x86\x51\x00\x3a\x7c\x4d\x20\x26\x66\x13\x68\x3b\x9f\xe0\x00\
\x4f\x27\xb1\x62\xd3\x0f\xd0\x14\x0a\x60\xfb\x7b\xef\x21\x9d\xc9\
\x80\x01\xe0\x92\xa9\x74\xda\x0c\x86\x29\x32\x08\xce\x79\xef\x65\
\xcc\xb9\x6f\x27\x7e\x7f\xee\xd5\xe8\x9b\x3a\x7b\xca\xfb\x0b\x4e\
\x78\x74\xee\xb6\x67\x4f\x0b\xf7\xb4\x1f\x24\x55\x43\x58\xd5\x51\
\xa1\xfb\x31\xe0\x0b\x20\x52\x59\x8d\xee\x73\x2e\xc5\xb6\x27\x7e\
\xee\x15\x00\xf9\x4e\xcd\x82\x61\x5c\x36\x81\x84\x89\xd9\x04\x0a\
\xa2\x82\x9b\x41\x73\x1f\xbf\x0f\xc7\x23\x81\x5d\xfb\x0f\x20\x21\
\x1d\xce\x00\x93\x60\x0c\x8c\x08\x24\xed\x81\x8e\x0e\xf4\xf5\xf7\
\x63\xee\xb4\x69\xb8\xea\x37\xff\x8a\x27\x8f\x3b\x0b\x6f\xae\xf9\
\xfb\xa3\xde\x3d\x76\xcd\x6f\x16\xbf\xf0\xc4\xd9\x55\x9d\x1f\xc6\
\x18\x63\x60\x8c\x83\x0b\x03\x6a\x7f\x1f\x4e\x7d\xff\x0d\xbc\x53\
\x5d\x8d\x5b\xbb\xbb\x3d\x03\xc0\x09\x1a\x79\x13\x88\xb1\x6c\x02\
\x69\x82\x36\x81\x44\x00\x39\x4b\x58\xd5\x3b\x5b\xf1\xf1\x37\x9e\
\x41\xa7\x10\x88\x25\x12\x59\xe7\x73\x2b\x68\x98\x15\x04\x1c\x40\
\x6c\x60\x00\x3b\xf6\xec\xc1\xb4\x86\x06\x5c\xb0\xed\x29\xcc\x7d\
\x6f\x1b\x9e\xfa\xbb\x2f\x9c\xfc\xe6\x89\x67\xdf\x7f\xfa\xc6\xef\
\x7e\x86\x83\xa0\x0a\x01\xcd\x48\x21\x18\x8f\x21\xc4\x0c\x54\x57\
\x56\xe2\x0e\xce\xb1\xb1\xaf\x0f\x6f\xa6\xd3\x1e\x25\x20\xb7\x09\
\x64\xc3\x94\x00\xaf\x86\x67\x2c\x77\x03\x27\x6c\x13\x28\x30\x74\
\x0e\xa0\xc6\xa3\x38\x71\xd3\x9d\xa8\x08\x06\xb1\x4d\x3a\x56\x62\
\xd0\xe1\x39\x22\xcc\x88\xf2\xd5\x40\x08\x7c\x70\xf0\x20\xa2\xb1\
\x18\x96\x4e\x25\xcc\x7c\xf0\x36\x3c\xb6\xe6\xbf\x5d\xf0\xea\xa9\
\x9f\xb9\xf9\xa4\xdf\xdd\xf3\x6d\xd5\x30\xa0\x67\x52\xd0\x92\x71\
\x28\x42\x8e\xfd\x7e\xac\xd2\x34\x1c\x23\xed\x43\x3d\x3d\xd8\xd4\
\xdf\x5f\x64\x13\x48\x1e\xf2\x2f\x4a\x5d\x0a\x16\x10\x62\xb2\x94\
\x00\xef\xcf\x44\xc2\xb9\x1d\xbc\xf0\xe1\xbb\xb0\x34\xec\xc3\xb6\
\x96\x16\x18\x43\xb2\x5d\x30\x96\x55\x02\xe4\xa8\x01\xb7\x92\xb4\
\x27\x16\x43\xbf\xec\x17\x9a\xa7\x4e\xc5\xa5\xcf\xfd\x0a\x7f\x6b\
\x98\x7b\xdb\xfe\xe6\xa3\x1f\x9d\xf3\xf6\x0b\x6f\xf2\x4c\x1a\x2c\
\x95\x00\x19\x19\x10\x00\x4d\x55\x11\x09\x85\x70\x99\xb4\x8b\x75\
\x1d\x9b\x62\xb1\xd2\x7a\x00\xf7\x5e\xa6\x0c\xef\x9e\x69\xd0\x2a\
\x8c\x50\xf3\xea\x5f\x70\xf2\xbe\x37\xb1\x37\x1e\x47\x3c\x95\x72\
\x3a\xdf\x72\xb8\x04\x58\x8e\x1a\x80\xb1\xec\x38\x6d\x18\x78\x6f\
\xdf\x3e\xd4\x48\x99\xff\x98\xa2\xa8\x5d\xbb\xb7\x3e\xd9\xd6\x17\
\xdb\xc0\x2a\xab\xff\x48\x99\x34\x84\x21\xc0\xcc\x8b\x19\x38\xe7\
\x08\x7c\xa4\x06\xaa\x8a\xa5\x81\x40\x69\x3d\x00\xd1\x88\x8a\x71\
\x19\x56\x0f\x70\x4a\x55\x02\xf3\x8f\xad\x81\xb6\xbd\x09\xfb\x5e\
\x7c\x11\x6c\xa8\xc3\x73\xb2\x5d\xd8\x65\xc1\xee\x0b\xac\xe7\x60\
\x8d\x3b\x7b\x7b\x11\x8b\xc7\x31\x73\xda\xb4\xe9\x73\x43\xa1\xa7\
\xf7\xb5\x77\xfc\xd0\x00\x6e\x30\x18\x12\x60\x0c\x24\xc9\x25\x19\
\xe7\xd0\x35\x0d\xaa\xa2\xb8\xf7\x00\x74\x08\x9b\x41\x23\x43\x59\
\x05\x66\xfa\x33\x38\x3a\x9c\x02\xc2\x33\xc1\x6e\xba\x09\x8d\x0f\
\x3c\x80\x83\x8f\x3e\xea\x74\xb8\x9d\xed\x45\xa9\x41\x32\x9d\xc6\
\x3b\x7b\xf7\xa2\xa1\xa6\x06\x73\x9a\xa6\x7d\xb1\xb5\xbd\xfd\x0c\
\x39\x6b\xb8\x10\xaa\xfa\xba\xb0\x02\x80\x13\x81\x59\x63\x4f\x05\
\x20\xaf\xcd\x20\x1c\x2a\xca\x08\x28\x84\xd5\xf5\x29\x3b\xc7\x34\
\x0d\x33\xff\xf1\x1f\x51\xb3\x7a\x35\xde\xfd\xee\x77\x91\xee\xe8\
\xb0\x4b\x81\xb4\x56\xb6\x9b\x63\x10\xb9\xf7\x05\x80\x7d\xad\xb4\
\xad\x5d\x5d\x88\xf6\xf7\x63\x66\x53\xd3\x51\x15\xe1\xf0\x96\xfd\
\xad\xad\xb7\x80\xb1\xef\x2b\x8a\x92\xe1\x42\x98\xd7\x48\x7a\xf6\
\x00\x63\x7e\xb7\xcd\x37\xce\x59\x89\xbe\x44\x0a\x87\x8a\xa3\xa6\
\xd4\x60\xa2\x62\xb1\xd2\x8b\x30\xe7\x60\xcc\x87\x74\x3a\x9d\x3d\
\x1f\x50\x75\xfc\xf1\x38\xe1\xbe\xfb\xf0\xee\x9d\x77\xa2\xfd\xcf\
\x7f\x36\x1d\xea\x90\x7a\xc6\x72\x67\x04\xc3\x4e\x17\xe3\xc9\x24\
\x76\xca\x59\x45\x53\x43\x83\x3a\x6f\xe6\xcc\x7f\x3d\xd0\xda\x7a\
\x9e\x9c\x42\x7e\x4e\x06\x41\x8b\x55\x3e\x8a\x59\x09\xf4\x50\x07\
\x42\x41\xc4\x53\x69\x6f\x47\x4e\xad\xc1\x64\x43\x32\x6d\xa0\x10\
\x38\x09\x4c\x41\x1b\xd2\xbc\xd2\x6c\xc8\x34\x4d\x83\x61\x18\xc8\
\x64\x32\x20\x22\xa8\xe1\x30\x16\xdf\x76\x1b\x3a\x4e\x39\x05\x3b\
\xbe\xf7\x3d\x18\x32\x8b\x4d\x07\x93\x95\xf9\x8e\x6c\xf7\x98\x2e\
\x02\xf8\xa0\xb5\x15\x3d\xd1\x28\x64\x6f\xb0\x2a\x32\x30\xb0\xfd\
\x40\x5b\xdb\x57\xb8\xa2\xdc\x0b\x09\xee\xee\xd8\x1c\x16\xfc\xe3\
\x5d\x00\xfe\xb6\xfb\x43\x1c\x69\x88\x27\xd3\xd8\x71\xb0\x0b\x85\
\x70\x7a\xdd\x7e\x2c\xf1\xbf\x84\xe9\xea\x5b\x50\xb9\x61\x06\x81\
\xdf\xef\x47\x28\x14\x32\xc7\x96\x1a\xa0\xf1\x8c\x33\x70\xd2\x2f\
\x7f\x89\xaa\xe3\x8e\x83\xb0\x7a\x02\xcb\xe6\x8f\x89\xec\xb1\x45\
\x1a\xf2\x3a\x49\x46\xe3\x71\xec\x90\xd3\x45\x01\x84\x1b\xea\xea\
\x7e\x96\x4e\xa5\xee\x30\x4c\xa5\x70\x05\x65\x49\x84\x42\xf4\xc4\
\x43\x2f\xbc\x8d\x64\xc6\xc0\x91\x84\x5f\xbe\xb8\x03\xa9\x02\x9f\
\x79\x41\x65\x0a\x5f\x38\xba\x17\x44\x06\x6a\x69\x17\x66\x8b\xdf\
\x23\x80\xc1\x7a\x2f\x95\xc0\x0c\x02\x69\xb3\x41\xe0\xab\xaf\xc7\
\xaa\xbb\xef\xc6\xd1\xd7\x5f\x0f\x68\x5a\xae\x43\x73\xc7\x79\x0e\
\x37\xc7\x80\xeb\xb5\x19\x21\xd0\xb2\x7f\x3f\x14\xce\xc1\x38\xbf\
\xc9\xc8\x64\xe6\xf1\x61\xb3\x9f\x4a\x5b\x8d\x7d\xbf\x2b\x8a\xaf\
\xff\xe6\x59\xf3\x1f\x3e\x12\xf0\xea\xde\x56\xfc\xdb\xd3\xaf\xc2\
\x0d\x3a\x27\xdc\xb1\xa2\x47\x5a\x01\x12\x29\x10\x25\xa1\x65\xda\
\xd1\xd4\xbf\x11\x55\xc9\xbf\x82\x31\x82\xa2\x28\x08\x06\x83\x66\
\x20\x30\xc6\xb2\x65\x76\xf6\xe7\x3e\x87\x53\x1e\x7a\x08\x15\x0b\
\x16\x80\x86\x51\x03\x1a\xa2\x06\x54\x40\x2d\xf6\xb7\xb7\x43\xd7\
\x75\x55\x8e\xcf\xe7\x70\x80\x8a\x27\x79\x97\x81\x3f\xbc\xb9\x17\
\x57\xde\xff\x07\xbc\xfd\x61\xd7\xa4\x96\xfd\x7b\x9e\xdd\x8e\xcb\
\xee\x7d\x12\x86\x20\xb8\xe1\xda\xc5\x7d\xa6\x02\x90\x48\x9a\x14\
\xc6\xa0\x85\x18\x40\x45\xec\x0f\xa8\xeb\xb8\x0b\x4a\xa6\xdd\x74\
\xbc\x74\x0e\x22\x91\x08\x54\x55\xcd\x36\xe4\x91\xb9\x73\x71\xda\
\xc6\x8d\x98\xb7\x61\x03\x88\x73\x87\xc3\x2d\xeb\x18\xbb\x3d\x37\
\x90\x4c\x22\x2e\x29\x84\x38\x4a\xf5\x5e\xfb\xa1\x92\x57\x01\x5e\
\xde\x73\x10\xe7\xff\xe8\x31\xcc\xae\xab\x44\x5d\x24\x30\xe9\x1a\
\x3e\x59\xf3\x2d\xd9\x77\xc7\xf2\xba\x24\x2e\x9e\x1f\x03\x28\x05\
\x12\x56\x10\x18\x83\x56\x58\x01\xa1\xa4\x77\xa1\x72\xdf\x2d\x48\
\xd4\x7d\x16\x46\xed\xd9\xa6\x1a\x84\xc3\x61\xb3\x41\x4c\x4a\x67\
\x11\x11\x98\xaa\x62\xe9\x0d\x37\xa0\x79\xdd\x3a\xbc\x70\xe3\x8d\
\x88\x4b\x39\xcf\x5b\x3c\xb2\x67\x0c\x9e\x8b\x47\xe6\x56\x33\x63\
\x07\x55\x4f\xd7\x12\x1b\xb5\x43\x19\x7b\x3a\x7a\x4d\x1e\x49\x88\
\x68\x02\xff\xbc\xa2\x1b\x0a\xd2\x83\xce\x26\x49\x2b\xfb\x6d\xda\
\x6a\xa0\x1f\xf8\x37\x88\xe8\xf3\x10\xb3\x6e\x00\x57\xeb\x4d\x15\
\xf0\xf9\x7c\x48\x24\x12\xd9\xde\xa0\xee\x84\x13\x70\xee\x13\x4f\
\x60\xcb\xed\xb7\xe3\xbd\xff\xf8\x0f\x7b\x7d\x20\xd7\xf9\x96\xe3\
\xb3\x6b\x09\x39\xd3\x45\x58\xaf\x4b\xfb\xa4\x67\x0f\x40\x25\xcd\
\x03\xca\xb8\x69\x59\x0f\xa6\x06\x73\x1c\x6d\xd8\x59\xef\x46\x90\
\x01\xd6\xfb\x3c\xf8\xf6\xcf\x81\x75\xff\x19\x9c\x73\x53\x0d\x02\
\x81\x80\x19\x0c\xb0\xa4\x5f\x91\x8f\x4f\x92\x8b\x46\x1f\xff\xf7\
\x7f\x87\x56\x55\x65\xd7\xfd\x21\xf5\x9e\x0a\x97\x84\x67\x0c\xa2\
\xbf\x78\xf4\x00\x1e\xb3\x00\x49\x4d\x51\xe0\x8e\x32\xce\x68\x1a\
\xc0\x39\xcd\xfd\xb9\xb2\x9f\x97\xfd\x22\xdf\x4a\x66\x00\x70\x33\
\x08\x28\xdd\x09\xe3\xad\x6b\x91\xd9\xf9\x0d\x88\x4c\x0c\x42\x08\
\x70\xce\x1d\xab\xb3\xd3\x65\x39\xf8\xc4\xe6\xcd\x68\x5c\xb3\xc6\
\xd1\xec\x0d\x33\x5d\xec\x31\x88\x2e\x17\x85\xa6\x81\x44\x94\x25\
\x50\x98\x24\x59\x53\x19\x86\x13\x65\x34\x04\x0c\xdc\x7c\x7c\x97\
\xc3\xd9\x85\x99\x02\x63\x2a\x00\x03\x44\x06\x60\x52\x40\x7c\xb8\
\x09\xe9\x97\xcf\x86\xe8\xdd\x02\x61\xdd\x55\x94\x4a\xa5\x4c\x92\
\x55\xfb\x03\xf5\xf5\x38\xf9\xc7\x3f\xc6\xd2\x6f\x7c\x03\xcc\xef\
\xf7\x56\x03\xa2\xaf\x08\xa0\x85\x00\x70\x94\x00\x43\x10\x66\x4d\
\x6b\x80\xae\xaa\xc8\x47\x19\xb7\x1e\xdf\x8d\x2a\x2d\x5f\xfa\xed\
\x40\x48\x59\xd6\x1c\x9b\x16\x4c\xb1\x92\xcf\xb0\x83\x00\x04\x13\
\x89\xfd\xa0\xed\x97\x80\xf6\x7e\x1f\xc2\x48\x41\x08\x61\xf6\x04\
\xbd\xbd\xbd\xe6\x18\x56\xed\x9f\x7b\xd1\x45\x38\x6d\xd3\x26\x54\
\x2e\x5e\xec\x98\x2e\x92\x3d\x7e\x98\x7c\xbe\x07\x84\x75\x37\x91\
\x5a\x20\xfb\x8b\xea\xf5\xfb\xe2\x49\x4c\xab\x09\x61\xcd\xb2\x45\
\xf8\xe3\x96\xed\x18\x44\x19\x9f\x9d\x1b\xc3\x49\x8d\xb1\xac\xb3\
\xdd\x9b\x3e\x3b\x20\x40\x04\xa6\xe8\x20\x23\x31\x28\xff\x56\xf6\
\xe7\x81\x0c\xf0\x03\xf7\x02\xdd\xcf\xc1\x98\xf5\x1d\x08\xad\xd9\
\x9c\x21\x74\x74\x74\x98\xeb\x06\xba\xae\x9b\x41\x10\x6e\x6e\xc6\
\xc7\xe4\x7e\xc2\xce\x7b\xee\xc1\x6e\x69\x49\x88\xdc\x19\xc1\x3e\
\x7f\x43\xc3\x35\x94\x4e\xc3\xc8\x64\x20\x0c\xa3\x88\x95\x40\xa0\
\x20\xdb\xfb\x06\x90\xca\x08\x34\x4f\xad\xc7\xe9\xcb\x8f\x81\x4f\
\xd7\x70\xa4\x63\x56\x24\x8d\x7f\x5a\x6c\x4b\x7f\x4e\xd6\x17\x94\
\x7e\xae\x84\x2c\xc7\xe7\xc8\x3f\x04\xdc\xc0\x07\x76\x21\xb8\xfb\
\x1a\xf8\x7a\x9e\x04\x11\x99\x41\xd0\xd3\xd3\x83\xae\xae\xae\x6c\
\xe2\x72\x55\xc5\x82\xcf\x7f\x1e\x2b\x7f\xf2\x13\x04\x66\xcc\xc8\
\xaa\x80\x52\x51\x71\x95\x5e\x5f\xdf\x21\xcb\x04\x88\x31\x10\x51\
\x31\x47\xc2\x08\x85\x60\x18\x84\x1d\x1f\x74\x62\xc9\xcc\x5a\x34\
\x4f\xa9\xc3\x67\xeb\x4f\xc2\xde\x83\xed\xe8\xed\x8f\xe3\x48\x04\
\x07\xe1\x86\x19\x2f\x21\xa0\x58\x92\x2f\x59\xb0\xe9\xb3\x68\x3a\
\xdf\x96\x7e\x2b\x10\x04\x0a\x81\x31\x0d\x9a\xaf\x0e\x5a\xd7\x2f\
\xa1\xc6\x5e\x46\x77\xd5\x15\x10\xac\x0a\x03\x03\x03\x26\x2b\x2a\
\x2a\xa0\x69\x9a\xa9\x06\xd5\xc7\x1c\x83\x13\xa5\x0a\xec\x92\x33\
\x85\xce\xe7\x9f\xff\x61\xcd\x89\xab\xfe\x33\x25\x03\x85\xc7\xe3\
\x20\xce\xdd\x4b\x00\x70\x68\xf7\x06\x76\xc5\x12\xd8\xbe\xb7\x13\
\x0b\x9b\xaa\xe1\xd3\x14\xcc\x69\x6a\xc4\x91\x8a\xd5\xca\x6b\x58\
\xc8\xa3\x4e\x67\x17\x20\xa0\x82\x2b\x7e\x08\x61\x4a\xbf\x43\xfe\
\xdd\xa0\x05\x67\x02\x60\x66\x90\xe8\x89\xed\xa8\x3f\x78\x03\xba\
\x2a\x2e\x43\x54\x3f\xd1\x54\x83\xb6\xb6\x36\x73\x39\x39\x12\x89\
\x40\x02\xaa\x1c\x2f\xbc\xee\x3a\x74\x9e\x71\xc6\x7f\x75\x6c\xdd\
\x0e\x70\x05\x4a\x2c\x0a\x28\x8a\xab\x02\x38\xcf\xac\x13\x3c\xd1\
\x15\x1d\xc0\x8b\x3b\x13\xa8\x0a\xfb\x10\x09\xe8\x38\x12\x31\x2f\
\xd8\x8b\x13\x6a\x5f\xb3\x33\xde\xb4\xa9\xc2\xb3\x00\xca\x40\xd5\
\xa7\x48\x9b\xca\x97\x7f\x08\x8b\x4e\xa8\x7a\x03\xb8\x12\x04\x89\
\x34\x40\x42\xd2\x00\x13\x09\xd4\x74\xfd\x00\xba\xbe\x02\x6d\xa1\
\x2b\x40\x08\x20\x1a\x8d\x22\x1e\x8f\xa3\xba\xba\x1a\x9c\x73\x30\
\xc6\x9e\x49\xe8\xbe\x47\x44\x53\x33\x98\xee\x87\x6f\xa0\x1f\xf1\
\x0f\x3e\x80\xe8\xef\x87\xea\x7d\x63\x10\xa1\x18\x18\x44\xe8\x8c\
\x0e\x98\x3c\xd2\xe0\xe7\x06\x6e\x5c\xf4\x02\x20\x12\xde\x4d\x9f\
\x65\x15\xbd\x1e\x60\x00\x44\xee\xb4\xcf\x1a\xbb\x80\x29\x01\xa8\
\xfe\x69\x66\xe0\x10\x59\x41\x92\xb5\x06\x42\x03\xcf\x61\x7a\xe2\
\x75\x1c\x0c\x7f\x11\x71\x6d\x49\xb6\x41\x54\xfc\x21\xc4\x63\x1d\
\x97\xf7\x6a\x81\x4c\xa6\x69\x26\x58\x65\x0d\x22\x3a\x43\x6c\xcf\
\x1e\x7c\x6f\xef\x5e\xd7\x12\x90\xa7\x00\x8c\x18\x86\x47\x19\x1b\
\xa6\xbf\x83\x29\x7a\xaf\x43\xf6\xc5\x30\x4d\x1f\xe7\x01\x53\xfa\
\x4d\x67\x4a\x12\x86\x93\x7f\x06\x3d\x30\x1b\x00\x65\x9d\x6e\x2a\
\x86\x69\x45\x36\x20\x54\xa3\x1d\x4d\x3d\xdf\x44\x4f\x60\x3d\x3a\
\x42\x97\x81\x98\x8e\xdf\xee\x89\x63\x69\x65\xaa\x25\xa1\x57\xc2\
\xd0\x75\xe8\x91\x1a\x34\xcc\x6b\xc2\x23\x3b\x76\xe0\xdd\x97\x5e\
\x72\x0b\x80\x43\x51\x80\x32\x96\x57\x76\xe0\xcc\xba\x3d\xae\x4d\
\x9f\x9d\xf5\xa9\x6c\x59\x90\x30\xb3\x9f\x44\xda\x51\xf7\x49\xd2\
\xad\xe6\x6a\xfe\xe9\xa6\x02\x90\x48\x65\x33\x1e\x64\x59\xc9\xdc\
\x80\x90\x40\xd5\xc0\x66\xf8\x52\xdb\xf1\x30\xdd\x89\x37\xfa\x54\
\x4c\xf7\x19\x18\x80\x80\xc1\x08\x9a\xca\xa1\x57\x56\x42\x93\x2c\
\xf4\xfd\x00\x45\x2a\x40\x19\x11\x35\x85\x2f\xcd\xda\x9e\xb7\xb0\
\x63\x59\xf7\x69\x1f\xa5\xa0\x05\x66\x41\xc2\xae\xfb\xd9\xce\x3f\
\x63\xda\xa1\xe0\x6a\x05\x54\x7f\x23\x48\x64\x6c\x47\x93\xb4\x10\
\xb9\xa5\xc0\xa6\x85\xcd\x7d\xa7\xe1\x99\xc4\xa0\x7b\x3b\x12\x19\
\xf4\x53\x06\x49\x52\x60\x40\xe0\x95\x57\x5e\xc1\xdd\x77\xdf\x5d\
\xdc\x37\x84\x14\xf6\x7f\x19\xd7\xce\x7a\x0b\x11\x1e\xcb\x69\xfa\
\xdc\xa6\x7c\xf6\x6b\x8a\x56\x0b\xc6\xfd\x20\x91\x70\xd6\x7d\x72\
\x6b\xfe\x38\xf4\xe0\x5c\x80\x28\xdf\xd1\x90\xb4\x55\xc3\x0a\x24\
\x5b\x3d\x76\xa5\x17\xe1\xa9\xc4\xdf\x65\x13\xb9\x3b\x49\x88\x91\
\xc0\x80\x90\x34\x04\x2e\xbf\xfa\x72\x58\x18\xe9\x3a\x40\x19\xeb\
\xea\x0f\x60\x65\xe5\x7e\x87\xec\x17\x22\x98\x06\xd5\x37\xd5\x0c\
\x88\xdc\xe5\x5e\x1a\xa6\xf9\xd3\x43\x73\xc0\xb8\x06\x12\x69\xdb\
\xd1\x8e\x40\xb0\xac\xe5\xa7\x04\xf9\x71\x4f\xf4\xab\x30\x88\x67\
\x3d\xd9\x97\x06\xfa\x09\x48\x4a\xa6\xc9\xfb\xee\x60\x8f\x9b\x43\
\xcb\x68\xd0\x07\x70\xc5\xf4\xb7\x9c\xd9\x5e\x68\xb5\x8f\x32\xf0\
\x85\xe6\x83\x20\xf2\xb3\xde\x22\xc1\xd9\xfc\x29\x7a\xad\x39\xed\
\xb3\xeb\xbe\xb0\xec\x90\x06\x10\xf9\xea\xf1\x60\xec\xf3\xe8\x10\
\x0d\xc8\x45\x4c\xf8\x91\x10\x0a\x0c\xd0\xa1\x7f\x47\x50\x7e\x0f\
\x58\x06\x67\x02\xd7\xcd\xd9\x06\x3f\x8b\x43\x98\xd9\xef\x74\xba\
\x18\x72\xec\x4b\x0b\x34\x83\x71\x9f\x29\xfd\x76\xb7\x5f\x78\xe9\
\x97\x71\x1d\x7a\x70\x9e\xed\x68\xbb\x4c\xd8\xd7\x92\xa4\xe5\x7c\
\xb2\x12\xf6\xe5\xe4\x6a\xfc\x35\x71\x3a\xf2\x60\xa9\x42\x06\x1c\
\x0e\x1c\x7a\x0f\x50\xc6\x79\x53\x5a\xb0\x28\xd4\x06\x61\x14\xb7\
\xcd\xcb\x95\x0a\x53\xfa\xc9\x70\xa9\xfb\x70\x97\x7f\x3d\xb4\x00\
\x8c\x29\x20\x4a\xe7\xc9\xbd\x33\xf3\xed\x40\xe8\x11\x55\x78\x20\
\x7a\x8d\xeb\x5d\xd3\x19\x52\x1c\xc5\x7d\x04\x3d\x40\x19\xb3\x83\
\x51\x5c\x3c\x6d\x87\x29\xcb\xc5\x34\x7d\x00\xc1\x17\x5e\x90\x23\
\xf3\x8e\xba\xef\x98\xfb\xab\xfe\x26\x28\x5a\x75\x6e\xdd\x77\x94\
\x00\x8b\xd9\xd9\x80\x04\xee\xef\xbb\x16\x31\x11\x71\x75\x32\x81\
\xc1\xc6\x88\x7a\x80\x32\x74\x66\xe0\x6b\x73\xb7\x82\x53\xc2\xca\
\xfe\xe1\x29\x24\xfd\xe1\xc5\x00\xd3\x4c\xe9\x47\x9e\xdc\xe7\x8d\
\xb3\x4e\xe3\x4a\x10\x7a\x70\x4e\xbe\xb3\x73\x32\x9e\x28\x4f\xfa\
\xb3\x7c\x3a\x7e\x36\xb6\xa6\x96\x8f\xe8\xec\xa6\x77\x0f\x60\x3e\
\x2a\xe3\xd2\xe9\xbb\xd0\xe4\xeb\x76\xdd\xdd\x23\xc7\xbe\x7f\xca\
\x6c\xe0\x14\x5f\x03\xc8\x18\xe2\x7c\x87\x02\x08\x0c\x82\xc1\x17\
\x59\x6c\x5a\x82\xd3\xd1\x16\xed\x12\x60\x8d\x0f\x64\xa6\x61\x53\
\xff\x25\x23\x3e\xbd\xed\xdd\x03\xa0\xac\x00\xcb\x2a\x3a\xb1\xbe\
\x71\xb7\xcb\x94\x2f\xe5\xba\xf4\x0b\xa6\x0e\x3a\x93\x0c\xbb\xe9\
\xcb\x1f\x5b\xd6\x96\x7f\x3d\x38\x1b\x5c\x89\x80\x28\x65\xcb\x3b\
\x39\x3b\x7d\xfb\x3d\x06\x0c\x02\xee\xe9\xfb\x22\x12\xc2\x3f\xb2\
\xef\x78\x28\xf7\x00\xde\x08\xa9\x69\x7c\x79\xf6\xeb\xc3\x9e\xed\
\xcb\x0f\x8a\x34\x02\x55\xc7\x83\x81\x43\x58\x3b\x7d\xae\x0a\x60\
\x49\x3a\x40\xe0\x6a\x25\x34\x19\x00\x44\x19\xbb\xd3\xcf\x3a\x7d\
\xc8\x82\x4f\x4e\x79\xf8\x6d\xec\x7c\xec\x4e\x2d\xf0\xdc\xb2\x25\
\xa0\xdc\x03\x8c\x14\x5f\x9a\xf5\x06\x6a\xb5\x5e\x88\xcc\x30\x59\
\x6f\xd3\xcc\x64\x45\xaf\xb5\xeb\xbe\x6b\x03\x68\x5b\x30\x05\xfe\
\x8a\x63\x2d\xe5\x15\xf9\xcb\xbc\xf9\x9d\x7e\xde\x6c\xe0\xdd\xd4\
\x3c\x3c\x26\x03\x80\xe0\x40\xa9\x3d\x00\x99\x2c\xaf\x03\x00\x6b\
\x6a\x3f\xc4\x49\xd5\x1f\x14\xdd\xf4\x71\x35\x0c\x5f\x78\x89\x35\
\x7d\xb3\x3b\xfc\xc2\x0d\xa0\x80\x2f\x74\x34\x38\xf7\x9b\xef\x71\
\x3a\x5a\xb8\xac\xfb\x1b\x48\x08\x1d\x3f\xe9\xb9\xc6\x5e\xed\x2b\
\xe1\x0b\xb5\x4a\x38\x0f\x30\xb9\x51\xa7\x27\xe4\x5a\xff\x36\x90\
\x31\x4c\xd6\x1b\xf9\x37\x74\x04\xaa\x4e\x04\x18\x40\xc2\x96\x6a\
\x2b\xeb\xf3\xc7\x96\x94\x2b\x7a\x03\xb4\xc0\x4c\x10\xa5\xb2\x8e\
\x06\x59\x24\x67\xdd\x27\x8b\x1b\xfb\x2e\x36\x9b\x3f\x80\x4a\xfe\
\x4e\x45\xd5\x2b\x62\xd8\x11\xda\x04\x5e\x3f\x67\x2b\x82\xac\xdf\
\x7d\x9d\xdf\x70\xee\xfc\xf9\x2a\x96\x41\xd1\x2a\x21\x8c\x84\x4b\
\xdd\x17\x79\xf5\x9d\x24\x19\x53\x4d\xe9\xcf\x93\xf9\x21\x3b\x7d\
\xe4\xb2\x01\xf4\x5a\x62\x29\x9e\xea\x3f\x13\x4e\x94\xae\x00\x36\
\xc8\xf1\xe6\x23\x0a\x9f\x9a\xb2\x17\x4b\x22\xad\x20\xa3\x60\xad\
\xb7\x54\xc1\x3e\xdd\xe3\xaf\x38\x1a\x22\x63\x39\xdf\x75\xb9\x37\
\x5f\x0d\xfc\x15\x4b\xc1\x98\x06\xa2\xb4\xeb\x09\x1f\x3b\x20\xec\
\xe5\xe0\x3e\x11\xc4\x4f\xbb\xae\xca\x3d\xb6\x3f\xfa\x0a\x40\xa0\
\x23\x5a\x01\x66\x06\xa2\xd8\x30\xe3\x8d\x02\x99\x9f\x72\x04\x02\
\xc0\x11\xac\x5d\x03\x12\x05\x1a\x3d\x38\xc7\x9a\xbf\x29\xe7\x3c\
\xa0\x00\x90\xe7\x68\x67\x40\x58\xf6\xde\xae\x0d\xe8\x15\x95\x90\
\x18\x2b\x05\x70\x82\x88\x70\xa4\x40\x61\x24\x57\xfb\x5e\x83\x4a\
\x03\x45\x34\x7d\x09\x69\xd3\x08\xd5\x9d\x02\xae\x04\x4d\xe9\x77\
\x66\xbd\x73\xcc\xb8\x0f\xbe\xf0\x62\x7b\x6e\xef\xa8\xfb\x6e\x47\
\xbe\x0c\x3c\x13\x3b\x09\x2f\xc6\x97\x03\xa0\x31\xfe\xed\xe1\x1e\
\xdf\x12\x36\x89\x21\x33\x7f\x07\x66\xfb\x3b\x86\xc8\x7e\xaa\xe0\
\xd9\x3e\x3d\x38\x0b\x7a\x68\x9e\xe9\x7c\x97\x25\x5e\xd7\x43\x1f\
\xfe\xca\xe3\x01\xc6\x00\x21\x40\xc3\x9d\xf0\x81\x1d\x14\xed\x99\
\x1a\xdc\xdf\x75\x31\x46\x0a\xa2\xb2\x02\x78\x62\x71\xa4\x0b\x9f\
\x6a\x7c\x27\xeb\x5c\xaf\xa6\x8f\xf3\xa0\x94\xfe\x53\x1c\x4e\x76\
\x55\x00\x98\x63\xf3\x38\x18\xd7\xaa\x00\x91\x76\x3f\xe1\x83\xbc\
\x05\x1f\x93\x06\x01\x77\xb5\x5f\x81\x84\xf0\x95\x98\xfd\xc5\xf7\
\x00\x47\x9c\x02\x70\x10\xbe\x32\xf7\x2d\x70\x4a\x14\x75\x43\x07\
\x51\x06\xe1\xfa\xb5\x60\x5c\x07\x89\x84\xb3\xee\xbb\x8c\xb9\x1a\
\x82\x2f\x34\xcf\x7c\xaf\xed\x64\x49\x47\xc6\xe7\x8c\x61\xe0\x77\
\x7d\x6b\xb1\x33\x39\x1f\x0e\x8c\xad\x02\x90\x3d\x22\x4c\x7a\x1c\
\x57\x1d\x45\x5d\xb0\x06\x19\x23\x0d\x96\xde\x9d\x93\xf9\xee\xf7\
\xf0\xcb\x0e\xde\x3c\xe4\xe1\xbd\xc7\x6f\x59\x10\x7c\x91\x63\x4c\
\x0b\xa7\xcc\x5b\xc1\x60\x59\xd8\x33\x80\x3d\xc9\x69\x78\xa8\xf3\
\xbc\xd2\x67\x62\x1e\x4d\xa0\xc7\x9d\x61\x84\xc9\x8e\xa5\x55\xf1\
\x41\x1d\x50\x9b\x40\x4a\x25\x10\x7b\x19\x24\x7a\x5c\xb2\x3f\x6d\
\xee\xd5\x07\x6b\x3f\x3e\x98\xc9\xb6\xb3\x0b\x8e\xa5\x35\x4f\xf7\
\x70\x25\x04\x12\xa9\xfc\x4e\xdf\xa4\xe1\x0c\x08\xc9\x14\x29\xb8\
\xab\xed\x32\x18\xe0\x25\x4b\x3f\x11\x46\xfe\x3b\x83\x88\xd8\x21\
\x74\xd1\x0c\xcb\x66\xd4\x62\x66\x4d\x08\x95\x13\xe8\x16\xb1\x63\
\xa9\x7b\xb0\xd4\x49\x82\x57\x02\x55\xa7\x83\x45\x5f\x86\x88\x6e\
\xc9\x6b\xfa\x00\x42\xa4\xf1\x5c\x00\xcc\xce\x7a\x8f\x1e\x80\x6b\
\x95\xd0\x02\x33\x40\x56\xdd\x2f\xf6\x84\x4f\x67\xc3\xd5\x38\xbd\
\xe1\x14\x0c\x45\x7b\x34\x81\x77\xda\xfb\xb0\xb3\xb5\x77\x6c\x14\
\x80\x30\x32\x05\x58\x39\xab\x1e\x5f\x5f\xb7\x14\x0d\x11\x3f\x26\
\x1a\xfa\xde\x7c\x19\xc6\x00\x07\x98\x4d\x5e\x79\x32\xe0\x6f\x86\
\x68\x7b\x04\x42\xf4\x9a\x8e\x09\xd6\x9c\x9c\xdd\xe3\x1f\x6e\xaa\
\x07\x8b\x00\x83\x3f\xb2\x38\x6f\x6b\x17\x9e\x27\x7c\x0c\x68\xb5\
\x2b\xb0\x74\xf5\xf5\x58\x8a\xc2\xd8\x71\xb0\x17\x77\x3c\xf9\x1a\
\xde\xef\x8a\x8d\xb6\x02\xe0\x90\x15\x60\xcd\xbc\x46\xfc\xcb\xfa\
\x13\xa0\x70\x8e\x89\x08\x91\xee\x07\x18\xcb\x92\x59\x96\x07\x66\
\xc3\xd7\xfc\x25\x24\x0f\xfe\x1a\x2c\xd5\x8a\x40\xf5\x2a\xc0\x96\
\x7e\xa7\x02\x20\x7f\xec\x0b\x2f\x1c\x3c\xd6\x6d\x58\xd9\x3f\x24\
\xe3\xc9\x65\xeb\x97\xa9\x61\x54\x1c\xf7\xfd\x22\xbe\x2c\xbb\x12\
\x3f\xbb\xe8\x64\x5c\xfe\x8b\x67\xb1\xaf\x27\x7e\xf8\x7a\x80\xb0\
\x4f\xc3\x37\x3f\xb1\x6c\xc2\x3a\x9f\x44\x06\x94\x49\x0e\x66\x3e\
\x38\x18\xf2\x95\x80\xf1\x20\xfc\xd3\xaf\x04\x37\xa2\x80\xd9\x17\
\xd8\x0e\xb6\xc6\xae\x6a\xa0\xea\xf5\x96\x5a\xa4\xec\xe3\xe0\x18\
\xb2\xe0\xe3\xb2\xee\x1f\x39\xe6\x36\x28\x81\x29\x28\x06\x01\x5d\
\xc5\xd7\xcf\x5c\x8a\x2f\x6d\x7a\xfe\xf0\xf5\x00\xa7\xce\x9f\x8a\
\x88\x4f\xc3\x44\x85\x48\x45\x1d\x99\x0f\x98\xb4\x1e\x73\x93\x42\
\xab\x46\x12\x15\x50\x13\xef\x03\x46\x3f\x20\x0a\x74\xfe\x92\x8c\
\x69\xd0\x43\xf3\xf3\x9c\x4e\x36\x0b\x1c\xf9\x32\xa0\x4f\x5d\x07\
\x7f\xd3\xb9\x87\x36\x83\x91\x3d\xd7\xac\xda\x08\xf6\x74\x44\x0f\
\x4f\x0f\x70\x54\x63\x25\x26\x32\x44\x2a\x06\x30\xe6\x4e\x0c\x0d\
\x06\x1d\x99\xd0\x02\xf0\x64\x18\x88\xed\x70\x6c\xf2\xd8\xd2\xbf\
\x08\x60\x0a\x48\xa4\x86\x39\xcb\x6f\x13\x10\xe0\xfe\x7a\x44\x8e\
\xbd\x03\x23\xc1\xfc\xfa\x0a\x19\x00\x7d\x87\xa7\x07\xd0\x54\x0e\
\x89\x09\xae\x00\x1c\xcc\x96\x7d\xd7\xc7\x80\x4d\x0a\x34\x03\x5a\
\x35\xd0\xf3\x12\x28\x71\xd0\x96\x73\x32\xa0\xf9\xa6\x99\xdb\xc2\
\x66\xd7\xef\x3c\xd0\x51\xf0\x84\x4f\xc5\xd2\x6f\x83\x6b\x15\x18\
\x09\x14\xce\x40\x54\x5e\x07\x18\x71\x03\xc8\xec\x4c\xb7\x4b\x41\
\x0e\x99\x9b\x32\x68\x55\x40\xc3\x99\x60\x3d\x5b\x20\x24\x09\x06\
\x38\x0f\x40\x0b\xcd\x02\x44\xc6\xc5\xd1\x46\x81\x75\x7f\x03\x81\
\xd9\x17\x43\xaf\x5b\x8d\xd2\x40\x87\x69\x1d\x80\x30\xa1\x41\x66\
\x09\xe0\x16\xd9\x21\x06\x03\x07\xaf\x59\x0d\x04\x9b\x61\x7c\xf8\
\x18\x74\x7f\x13\x40\xe4\x36\xb7\xb7\x89\xfc\x7b\xfa\x95\xd0\x4c\
\x84\x16\x7e\x05\x25\x81\x68\xf4\x14\x80\x30\x74\x37\x10\xa3\x82\
\x9d\x7b\x0e\x60\x3c\xa2\x3a\xd6\x09\xdd\x76\x68\x21\xd9\x1f\xb6\
\x4c\xf0\xe0\x4c\xf0\xb9\xd7\x82\xf5\xbd\x05\xf4\xbf\x97\xd3\xe9\
\xe7\x4d\xf9\x1c\xeb\xfe\x82\x80\xd6\xaa\x7f\x42\xdb\xfb\x9d\x70\
\xc3\x94\xba\x2a\x54\x46\x82\x28\x0e\x74\xb8\x76\x03\x09\xc5\xe0\
\x99\x17\xdf\xc0\x78\xc4\xb9\x73\xa2\xd0\xfd\x45\x64\xbb\xa7\x32\
\x68\xa0\xea\xe3\x00\x7f\x03\xa8\xe3\x05\x00\x09\xd7\xfd\x7e\xbb\
\xf9\x33\xf0\x56\xe2\x4c\xec\x7c\x3b\x03\xc0\xfd\x67\x73\xea\x89\
\x4b\xbc\x02\xc0\xb9\x81\x57\xfa\x79\x80\x43\xdb\x0d\x24\x4c\x6c\
\x04\x74\x61\xcf\xff\x25\xc1\x0a\x67\xbb\x7b\x30\x0c\x61\xa8\x19\
\xcc\x5f\x0f\x6a\x7f\x0e\x14\x7d\xb7\xe0\x09\x9f\x2e\x63\x3a\x76\
\xa5\xd6\xa0\x04\x94\xcf\x03\x94\x0a\xbf\x62\x40\xe1\x70\x34\x78\
\x0c\xa6\x75\x2a\x81\x33\x38\xdc\x83\x47\x8b\x80\x35\xad\x07\xba\
\xb7\xc2\x68\xfd\x23\x20\x92\x79\x47\xbe\x32\xa4\xe0\xc5\xf8\x85\
\x20\x28\xa3\xe4\x60\x8c\x9e\x02\x10\xc6\xe6\x44\xd0\xd5\x17\x9e\
\x89\xf1\x86\x4c\xbc\x03\xb1\xdd\x8f\x39\xe4\xdc\x3d\xd3\xbd\xcb\
\x84\x1d\x3c\x83\x6a\xc1\x6b\x4f\x00\x8f\xcc\x42\x7a\xef\x26\x50\
\x7f\x4b\xb6\x14\x54\x1e\x73\x13\x2e\x99\xfe\x29\x48\x4c\x00\x05\
\x00\x61\xb2\x82\xd2\x31\xe7\xd2\x2f\x2b\xf0\x18\x36\x3d\xae\xcd\
\x0f\x06\x5f\x03\xf4\x85\x5f\x44\xe6\xe0\x53\x48\xef\x7b\x1c\x7a\
\xe3\x1a\xf8\x47\xdd\xf9\x04\xc2\x58\xf5\x00\x98\xbc\xd3\x40\x91\
\x8e\xe7\x2f\xfd\x62\xf8\xf9\x3f\xf3\xee\x01\x0a\x06\x87\x36\xed\
\x5c\xa8\x35\xcb\xe0\xab\x59\x81\x51\x07\x99\x3c\x5c\x27\x82\x08\
\x13\x15\xaf\xbe\xfe\x36\x28\x7a\x00\x8b\x17\x34\x3b\xa6\x7e\x87\
\x1a\x0c\x0c\x39\xd9\xef\x72\x2d\x57\x83\xd0\x1a\x4e\x03\xe3\xea\
\x18\xfd\x4a\x7a\x1a\xa3\xbd\x80\xc9\x2b\x00\xf8\xe9\x83\x8f\x63\
\xf3\xe6\xcd\xa8\xa9\x0a\x61\xdd\x9a\x63\x71\xe1\xa7\xd6\x60\xe9\
\xd1\x73\xec\x4c\x86\xcd\xe2\xcb\x44\xfe\xeb\x4c\xf1\x41\xf3\x37\
\x42\xd1\x2b\x71\x38\x50\xfa\x4a\x20\x26\x2f\x5a\x5b\x5b\xc1\x39\
\x47\x57\x4f\x3f\x36\x3e\xf6\x3c\x1e\x7a\xf4\xbf\xb0\x72\xd9\x7c\
\xdc\xf8\x85\xf3\xb1\xf2\xf8\xa3\xf2\xb3\x1d\x36\x3d\x95\x01\xcc\
\x74\xbc\x2a\x1d\xaf\xea\x55\x8e\x2c\x1a\x9b\x0a\x40\x63\xb4\x17\
\x00\x9a\xb4\x25\xe0\xc0\x81\x03\x66\x00\x48\x64\x7f\x29\xd3\x4b\
\x5b\xdf\xc1\xa7\xaf\xfa\x9f\x38\xef\xec\xd5\xf8\xf6\x37\xaf\x40\
\x55\x45\xc4\x99\xed\xe0\x39\xc1\x30\x44\xfa\x15\x1d\x5a\xa0\x11\
\x8a\xaf\xd6\xba\x76\xec\x01\x22\x93\x63\xb3\x1b\x38\x4a\x4d\xe0\
\xe6\x3f\x6d\xc1\x78\x82\x10\x06\x3a\x3b\x3b\xa1\x28\x8a\x99\xb5\
\x92\x79\xbf\x7f\xe7\xb7\x4f\xbe\x80\x17\xb6\xec\xc0\x4f\xff\xf7\
\x57\x71\xc2\xb2\xa3\x9c\xd9\x6e\x07\x83\xc9\x74\x06\xd8\xd6\x12\
\x47\x77\xdc\x00\x63\x7b\x01\x48\x96\x88\x65\x8b\x66\x61\xc6\xd4\
\xba\x62\x55\x60\x94\x7a\x80\x31\xfa\x86\x90\x03\x6d\x5d\x18\x4f\
\xe8\xed\xb6\x9d\x6f\xd1\xd1\x35\xb7\x76\xf4\xe0\x82\x2b\x6f\xc7\
\x5d\xdf\xf9\x32\x3e\xf9\x89\x8f\xb9\x48\x3f\x47\xca\x00\xde\xfe\
\x20\x61\x32\x9d\x21\x00\x03\x18\x2d\x2c\x98\x3d\xed\x10\x6a\x40\
\xc9\xdf\x11\xe4\x5e\x03\x68\x92\x2e\x05\xf7\xf6\x74\x5a\xf2\x9f\
\x07\x87\x12\x64\x32\x02\x5f\xb8\xf1\x4e\x39\xe6\x32\x08\xd6\x64\
\x25\xdf\x20\x8e\x5d\xfb\x53\x78\x7d\x4f\xd2\x74\xfc\xe1\x04\x99\
\x1c\xe7\xdf\x11\x34\xad\xa1\x06\xe3\x09\xfb\x77\x27\x6d\x05\x70\
\xa3\x1d\x08\xa6\xbd\xee\x96\xbb\x30\x63\xc6\x54\x2c\x3d\xf6\x28\
\xf4\xa5\x22\x78\xe3\xfd\x34\x12\x29\x0d\xf5\x35\x41\x8c\x15\x82\
\x7e\x1d\xc5\x81\x46\x51\x01\x68\x6c\xbe\x23\x68\xfd\xda\xe5\xe3\
\x2b\x00\x76\x6d\x31\x15\xa0\x58\xa4\x33\x02\x4f\xff\xad\x05\xab\
\xd6\x5e\x84\x90\x1a\xc0\xd4\x66\x8c\x1f\x78\x2a\xc0\x58\xf6\x00\
\x44\x13\x76\x06\x60\x29\x80\x27\xd7\xaf\x5f\x8f\x5b\x6e\xb9\x05\
\x73\xe6\xcc\xc1\x78\x04\x11\x8d\x6e\x0f\x40\x8e\x95\xa0\xc9\x87\
\xf6\xf6\x76\x47\x00\x0c\xc5\x59\x67\x9d\x85\xeb\xae\xbb\x0e\x4b\
\x96\x2c\xc1\x78\x07\x8d\xd5\xcd\xa1\x20\x4c\xd6\x00\x28\xd8\x04\
\xae\x5a\xb5\xca\x74\xfc\x8a\x15\x2b\x30\x61\x30\x5a\x4b\xc1\x0e\
\x35\x99\xa4\x4b\xc1\x72\x15\xd0\xa1\x00\xcb\x96\x2d\x33\x1d\xbf\
\x72\xe5\x4a\x4c\x24\x90\xc5\x31\x3a\x14\x8a\x49\x87\x68\x34\x8a\
\x54\x2a\x65\x06\x80\x04\x16\x2e\x5c\x88\xab\xaf\xbe\x1a\x6b\xd7\
\xae\xc5\x84\x04\x8d\xe2\x66\x10\x5c\x6f\x0c\x29\x5d\x03\xa2\xfd\
\x03\x18\x2f\x68\xeb\xe8\x36\xe5\xbf\xae\xbe\x11\x97\x6d\xd8\x80\
\xb3\xcf\x3e\xdb\xfe\x3f\x8e\x23\xf8\x7d\x1a\x34\x55\x45\x71\x18\
\xa3\xa5\x60\x8c\xd2\xb1\xf0\x87\x36\x3f\x87\xf1\x84\xf5\x17\x5e\
\x8d\xea\xfa\x29\xe8\xce\xf0\x71\xf4\x7f\x73\x1e\x0a\x5d\x58\xcc\
\x6a\x20\x91\x24\xc6\xaa\x07\x20\x4c\x46\xd4\x36\x4e\xc3\x64\x01\
\x99\x3c\x4c\x37\x86\x10\xc6\x01\xca\x18\xc5\x5b\xc3\x0e\xf9\xc6\
\x10\x2a\x5a\xce\xbc\x50\x86\xf3\xc6\x90\xe2\xbf\x08\x92\xc6\xf5\
\xb1\x70\xb3\x96\x8d\x11\xca\x18\xd5\x63\xe1\x04\x4c\x9a\x85\xc0\
\x32\x4a\xef\x01\xc6\xff\x56\x40\x19\x44\x34\x62\x05\xe0\x38\x72\
\x51\x46\x39\x00\xca\x50\x51\x22\x52\xed\xdb\x10\x7f\xef\x1d\x1c\
\x3e\x94\x91\x89\xf6\x1e\xbe\x00\x88\xbf\xfb\x3b\xf4\x74\x1c\xce\
\x00\x28\x23\xd5\xbe\x06\xc0\xfc\x72\x09\x28\x63\x14\x02\x40\x61\
\x80\x26\xa9\xb2\xec\x8b\x31\x4c\x64\x94\x71\x90\x01\x90\x04\x37\
\x6d\x3e\xf8\xa2\x45\x8b\xf0\xe9\x4f\x7f\x1a\x0f\x3e\xf8\xa0\xc9\
\xeb\x2f\x39\x1f\x8b\x2a\x18\x9a\x83\x40\xa3\x1f\xd0\x39\xb6\x60\
\x22\xa3\x8c\x17\xaa\x34\xa0\xc1\x07\xd3\xa7\xc7\x57\xb1\xac\xaf\
\xa5\xdf\xa1\xde\x7c\xf3\xcd\xc8\x45\x95\xc6\x30\x2f\xcc\xd0\x9d\
\x62\x88\x66\x08\x06\xd1\xaf\xdb\x92\xb8\x0d\x05\xf0\xd7\x68\x33\
\x5a\xd3\x61\x1c\x3e\x94\xb1\x3b\x51\x83\x42\xa8\xd6\xb0\x71\x6a\
\x80\x21\xa4\x00\x15\x1a\x43\xa3\xcf\xd6\x00\x33\x00\x30\x04\x3a\
\x07\x6a\x75\x66\x96\x00\xbf\x02\x04\x14\xb6\xa3\x23\x25\x36\x0a\
\xc2\x85\x70\xc1\xf3\xb1\x99\x26\xc7\x25\xca\xd8\x31\xc5\xcf\x1e\
\xa9\xd7\x19\xc2\xea\x60\x00\x54\xeb\x6c\xf8\x1e\x80\x33\xb0\x90\
\xca\x78\x85\x06\x45\xaa\x81\x3a\x3f\xcc\xf4\xf5\x53\x95\xaf\x31\
\x60\x37\x26\x12\xca\x88\xad\xaa\xe1\x97\x1e\x5d\xc1\x99\x74\xba\
\x5a\xa5\x9b\x3e\x65\x7e\x05\xac\xd0\x34\x90\x43\x92\x33\xa6\x04\
\x15\x52\x43\x2a\x57\x01\x98\x9c\x1a\x00\xaa\x34\x6c\xd8\xf8\x81\
\x71\x7f\x52\x60\x1e\xc6\x35\xca\xe0\x40\xf7\xe9\x8d\xfc\xbf\xaf\
\xac\x51\x3e\x00\x50\x29\x99\x81\x64\xd2\xa0\x8c\xc6\x61\x00\x26\
\x09\x92\x4c\x36\x03\xd6\x7b\xa0\x49\xfa\x25\x83\x92\x21\xc9\x80\
\xa4\xdf\xb2\x3e\x48\xf6\x67\x28\xf2\x5c\x87\xb8\x68\x5b\x8f\x38\
\x2d\x4d\x08\x61\xbc\xa1\xec\xf8\xf4\xdc\x30\x7b\x69\x6d\x83\xf2\
\xd3\x3a\x1f\x6b\x05\x90\x94\x4c\x58\x8c\x5b\x37\x2e\xf6\x5b\x36\
\x25\x29\x3e\x0a\x00\x06\x40\x97\x0c\x4b\xd6\x48\xd6\x4b\x36\x48\
\x56\x49\x56\x58\xc1\x10\xcc\x09\x08\x5f\x86\xc8\xdf\xd2\x4f\xcd\
\xbd\x69\x54\x33\x40\xc1\x20\xb9\x35\x8b\xb4\xef\x9f\x66\x39\x63\
\x49\x66\xcf\x46\x90\xb5\xd6\x6b\x1e\x63\xb0\xdc\xe7\x9c\x60\x8e\
\xf1\xd8\x82\x6c\x5b\xf8\x35\x2a\x7c\x3d\x39\xc7\x36\x69\xd0\x0a\
\x58\x16\x64\x59\x49\xb2\xac\x95\xc5\x82\x06\xad\x11\x52\xd0\x3b\
\x33\xc4\xde\x0f\x28\x2c\x9a\xeb\x74\x8b\x7d\x92\x3d\x92\x9d\x92\
\x6d\x92\x1d\xd6\x73\xc9\x8f\x02\x80\x03\x08\x58\xce\x6f\x92\x9c\
\x25\xd9\x6c\x05\x42\xb5\x64\x44\x32\x98\xa3\x04\xba\x45\xd5\x52\
\x0d\xc5\x1a\x73\x3b\x10\xf2\xc8\x8a\x20\x1c\xd6\xed\x39\x6f\x27\
\xb3\xf1\x70\x1f\x86\xc7\xb8\xd8\x60\x10\x18\x84\xb0\x48\xb6\xe3\
\x2d\x6b\x33\x23\x99\xb6\x98\xca\xc9\xfc\xb8\xb5\x8e\xd3\x2b\xd9\
\x2e\x79\x40\xb2\x45\x72\xaf\x15\x04\xfd\x6a\x8e\x13\x14\xcb\xb1\
\x01\x2b\xeb\x23\x39\x0c\x4a\xfa\x2d\x6a\x16\x55\x8b\xca\x30\x8e\
\xe7\x4e\x27\x7b\x3b\x7d\x84\x8e\x65\xf8\xff\x0b\x1a\xe1\x75\x84\
\x91\x29\x83\xb0\xad\x23\x10\x32\x39\x4c\x49\xea\x39\xc9\xc9\xac\
\x6b\xe2\xd9\x24\xb6\x13\x96\xa9\x00\xc8\xba\x20\x61\x45\x4a\x9b\
\x75\xc1\x80\x25\x1b\xe1\xa1\x25\x40\x52\x77\x0f\x04\xcb\xba\xab\
\x01\x2b\x52\x15\xe0\x18\x7b\xab\x81\x77\x00\x78\x5f\x4f\xb6\x2d\
\xa9\x0c\x90\x97\xf5\x64\x7e\xd6\x1b\x2e\x4e\xcf\xd8\x8e\xcf\xcf\
\x7e\x8b\x49\xcb\x7f\x71\xab\xe6\xf7\x5a\xf2\xdf\x2a\xd9\x6d\x3d\
\x9f\x91\x24\x33\x00\xac\x07\xfd\x96\x4c\xa4\xad\x8b\x22\xb9\xce\
\xb7\xe8\x1b\x42\xcd\x19\x0c\x76\x69\x70\x28\x84\x53\x2d\x94\x42\
\xc1\xe1\x11\x28\x5e\xaa\xe2\xed\x7c\xf7\xeb\xc8\x66\x51\x8e\x27\
\x2f\xc7\x7a\x66\xb2\x4d\xa3\x70\x76\x5b\x36\x9f\x69\x57\xc7\xdb\
\x4c\x0c\x09\x82\xa8\x15\x08\x3d\xd6\x38\x29\x69\xe4\x06\x40\x22\
\x47\x2a\xba\xec\x5a\x6f\x65\xbc\x4d\xcd\xe1\x78\x9b\xaa\x6d\x9d\
\xca\xe0\x18\x3b\xd4\xa2\x30\x3d\x82\xc2\x7e\xde\x3b\x00\xb8\x6d\
\x4d\xb0\x02\x0e\x22\x8f\x00\xb0\x1d\xe9\x9d\xc5\xc2\x41\x47\x2d\
\x77\x64\xb7\xb7\xf3\x2d\xc9\x77\x06\x83\x69\x93\xd6\xd8\x11\x1c\
\xd6\x63\xc3\x9e\x06\xe6\x67\x07\xcf\xa1\xe2\xb0\xa5\xd1\xa9\x02\
\xce\x31\x2b\xe8\x7c\x9b\x18\xe2\x7c\x5e\xa4\x0a\x38\xff\x0e\x1b\
\x4e\xc7\x79\x37\x78\xc2\xa6\xe3\x39\xca\xb3\xee\x34\xbc\x6c\x09\
\x14\x0e\x6b\x93\x2c\x42\x75\x89\x6c\xc3\xa2\xab\xcc\x7a\x67\xa0\
\x53\xca\x9d\xd6\x5b\xf2\x8b\x2c\x07\x70\xbc\x5e\x18\xcc\x9d\xb6\
\x63\x8b\x54\x00\xf7\x6e\xdd\x5b\xf2\x6d\x3a\x1d\x21\xdc\xad\x7b\
\x40\x15\x1e\x3b\xe9\xd5\xdf\xa8\x23\xba\xe9\xd4\xbb\x7b\x67\x23\
\xb0\x9e\xcf\x8d\x68\xca\xe8\x04\x2b\xb5\x07\xf0\x68\x04\xa9\xf8\
\x46\xd0\xfb\xfa\x42\xfe\xf0\x18\x17\x8d\xff\x07\x3e\x36\x53\x53\
\xba\xdf\x5f\x5a\x00\x00\x00\x00\x49\x45\x4e\x44\xae\x42\x60\x82\
\
\x00\x00\x01\x4b\
\x89\
\x50\x4e\x47\x0d\x0a\x1a\x0a\x00\x00\x00\x0d\x49\x48\x44\x52\x00\
\x00\x00\x30\x00\x00\x00\x30\x08\x06\x00\x00\x00\x57\x02\xf9\x87\
\x00\x00\x01\x12\x49\x44\x41\x54\x68\x81\xed\xd7\xb1\x0d\x83\x30\
\x10\x05\x50\x66\xa0\x4b\xe7\x82\x0d\xbc\x80\xcf\x93\x9c\x47\x08\
\x45\xe6\x60\x89\xd4\x61\x0e\x14\x9a\x2c\x00\x1b\x40\x93\x82\xca\
\x69\xe2\x48\x48\x04\x4c\xb0\x6c\x13\xee\x4b\xbf\xa1\x80\x7b\x9c\
\x25\x44\x92\x50\x28\x94\xe3\xa4\xa8\x06\xed\xa3\x04\x20\x00\x01\
\x08\xf0\x67\x00\x29\xa5\x96\x52\x7a\x19\xbe\xa8\x06\x6d\x9e\x47\
\x80\xdd\x02\x10\x91\x21\xe2\x0d\x11\x1b\xa5\x94\x0e\x59\x44\x6c\
\xde\xb3\xb0\x35\xc3\x77\xa1\x07\x9f\x80\x74\x56\x08\xa5\x54\x19\
\x7a\xd8\x99\x96\x36\x1b\x88\xe6\xed\xa7\x75\xae\xd3\xfb\x79\x74\
\x9c\x6c\x36\x10\x7c\xf0\x11\xa0\xce\x47\xd7\x76\x05\x98\x2a\x01\
\x42\x97\x00\xa1\xbb\x08\x30\x9f\xf1\x58\x4b\x80\xd0\x3d\x26\x80\
\x73\xae\xb3\x2c\xf3\x5a\xce\xb9\x3b\x80\xb9\xa9\xbc\x3e\xbd\xf4\
\xf3\x3c\xd7\x1b\xf0\x09\x70\xba\x01\x53\xdf\x7f\x64\xbf\x02\xfa\
\x88\x01\xed\x22\x00\x00\xca\x35\x80\xd3\xe5\xb1\xb9\xb6\x00\x00\
\x58\xfe\xa1\x11\x42\xb0\x6f\x5b\x08\x0c\xe8\x85\x10\x6c\x11\x60\
\x10\xef\x4d\xb4\x11\x1c\xa1\x16\x00\x4a\xeb\xe1\xe7\xe2\x0b\xb0\
\x79\xd0\x35\x00\x17\x47\x86\x00\x5b\x00\xbb\x3f\x42\x04\xf0\x09\
\xa0\x50\x28\xf1\xe5\x05\xc0\x74\xcc\x77\x81\xd9\x4d\xd7\x00\x00\
\x00\x00\x49\x45\x4e\x44\xae\x42\x60\x82\
\x00\x00\x1c\xfe\
\x89\
\x50\x4e\x47\x0d\x0a\x1a\x0a\x00\x00\x00\x0d\x49\x48\x44\x52\x00\
\x00\x00\x80\x00\x00\x00\x80\x08\x06\x00\x00\x00\xc3\x3e\x61\xcb\
\x00\x00\x00\x04\x73\x42\x49\x54\x08\x08\x08\x08\x7c\x08\x64\x88\
\x00\x00\x00\x09\x70\x48\x59\x73\x00\x00\x0b\x13\x00\x00\x0b\x13\
\x01\x00\x9a\x9c\x18\x00\x00\x1c\xa0\x49\x44\x41\x54\x78\x9c\xed\
\x9d\x4f\x8b\x24\xc9\xf9\xdf\x3f\x4f\x44\xfe\xa9\x9e\xe9\xdd\xd1\
\x6a\x35\xec\xae\xb0\x40\x32\x16\x3f\xf4\x03\xa3\x83\xc1\x60\x10\
\xbe\xc8\x3e\xeb\xe0\xbb\x2f\x3e\xda\xaf\xc0\xba\xf8\x25\xf8\x24\
\xd8\xd7\x61\x8c\xc1\xb0\xc6\x07\xf9\xa6\xab\x10\x8b\x11\xc6\x48\
\xc6\xbb\xde\x95\x76\x66\xa7\xbb\xaa\x32\x33\x22\x1e\x1f\x22\x22\
\x33\xbb\xba\xaa\x2b\xab\x2a\xab\xba\x47\x3b\xcf\x90\x93\xd5\x19\
\x91\x99\x55\xf9\x3c\xf1\x3c\xdf\xe7\x4f\x44\x0a\xef\xe8\xe2\xa4\
\x8a\x00\x06\x30\xaa\x98\x71\x9b\x08\x01\xe2\x26\x82\x9e\xfb\xbb\
\xc8\xb9\x6f\xf0\x8e\x40\x15\xab\x4a\xc1\x97\x14\x52\x53\x60\x30\
\x2a\x18\xe2\x26\x0c\x7c\xd0\xf4\x2f\x88\x12\x08\x04\x6d\x70\x7c\
\x84\x13\xc1\x89\xe0\xe7\xfe\x6e\xef\x04\xe0\x4c\x94\x46\x76\xa5\
\x7f\xa1\xa2\xa0\xc0\x52\x62\xb0\x22\x14\x34\xb5\x41\x30\x0a\x06\
\xd1\x0d\x01\x10\x15\x08\x28\x41\xeb\xc6\xa3\x78\x02\x1e\x4f\x87\
\xc3\xc9\x87\xb4\x40\x33\x97\x76\x78\x27\x00\x33\x93\x2a\x16\xa8\
\x79\x45\xa5\x05\x35\x86\x52\xda\xba\x50\xa3\x25\x42\x81\xa8\x05\
\x0c\x82\x15\xc1\x28\x77\x05\x40\x10\x55\x25\xa0\x78\x20\x88\x8a\
\x53\xc5\x4b\x90\x4e\xab\xc6\x11\xe8\xc4\xd1\xf0\xbd\x5e\x10\x4e\
\xd2\x0a\xef\x04\x60\x26\x4a\x76\xfd\x8a\xd7\xd4\x14\xd4\x6a\xa8\
\xe9\xaa\x0a\xa1\xc4\x68\x89\x68\x89\x2b\x2d\xa2\x05\x60\x45\x34\
\x6a\x00\x10\x49\x7c\x50\x50\x40\x05\x82\xaa\x04\xc0\xa3\xe2\xa4\
\x70\x4e\x03\x1d\x2a\x8e\x20\x2d\x55\xd3\xe1\x59\x8b\xa7\xd5\xf7\
\x59\x8b\xb0\x3e\x56\x23\xbc\x13\x80\x19\x28\x04\x6a\x79\xc5\x42\
\x4b\x16\x58\x16\x74\x55\x8d\xd1\x0a\xa1\xc2\x17\x15\xa2\x15\xa2\
\x05\x62\x0b\xa0\xc0\xab\x45\x22\x08\x04\x7b\xd7\x04\xe0\x95\x64\
\x02\xb0\xe2\xc0\x7b\x14\x87\x4a\x87\x4a\x87\x75\x2d\x4a\x4b\x90\
\x96\xb2\x6d\xf0\xac\xa5\x63\xad\xdf\x63\x6d\x0c\xcd\xa1\xdf\xfd\
\x9d\x00\x9c\x40\xaa\x88\x7e\xc1\x33\x9e\xb1\xa0\xe0\x8a\xae\x5e\
\x60\xc3\x42\x0c\xb5\x3a\x5b\x8b\xd1\x4a\xc5\x56\x78\x2a\x89\x02\
\x50\x2a\x6a\xc1\x14\x08\x46\x3c\x46\x61\xc3\x04\xa0\x6a\x93\x00\
\x10\x9c\x20\x1e\xf5\x9d\xaa\x74\x58\xdf\x89\xd2\x6a\x90\x46\x0a\
\xdf\x6a\x60\x8d\x37\x0d\x65\xb3\xc6\xb1\x92\xf7\x59\x01\xab\x43\
\xb4\x41\x71\x96\x27\xf3\x1d\x20\x55\x8c\x7e\xcd\x73\xae\x79\x86\
\x65\x21\xae\xba\xd2\x22\x5c\xe1\xed\x02\xb4\xc6\x9a\x5a\xbd\xd6\
\x88\xa9\x88\x82\x50\x10\xb4\x04\x5b\x20\x14\x28\x46\x8d\x31\x6c\
\x60\x00\x45\x14\x0d\x09\x03\x58\xaf\x04\x87\x29\x3a\x34\x74\x84\
\xb2\x53\xf5\x2d\x56\x1a\x82\x36\x04\x53\x4a\xe1\x4a\x7c\x55\x68\
\xd9\x5a\xbd\xa1\x60\x8d\x55\xe5\x36\xb9\x93\x7b\x69\x36\x0d\xf0\
\xe9\xa7\x9f\xbe\x50\xd5\x7f\x2d\x22\x3f\x07\x0a\x91\x78\x69\x63\
\x0c\xf9\x73\xfe\x7b\x17\x85\x30\x7c\x67\x55\xdd\xf9\xb7\xf7\x7e\
\xeb\x79\x87\xf6\xd9\xec\x37\xb5\x4f\x51\x04\xa9\xab\x65\x59\x97\
\x6b\x5b\x14\x5d\x51\x95\x2b\x5b\x2f\xba\xa2\xb2\xce\x96\xb5\xb3\
\xd6\x3a\x5b\x16\xc1\x16\xa6\x33\xc6\x06\x6b\x6c\x30\xc6\x78\x53\
\x14\x41\x8c\x60\xac\x0d\x02\x5e\x4c\xb6\xfd\x21\xee\x83\xa0\x8a\
\x82\x47\x03\xa8\x73\xa2\x41\x09\xce\x19\x0d\xce\xf8\xae\xd5\x50\
\x2d\xfc\xff\xfd\xc7\x3f\xfb\xe2\xb3\x1f\xfd\xf0\x9b\xff\x83\x0d\
\x0d\x41\x56\x58\xb7\x26\xc8\x52\xbc\x59\x51\x34\x4b\x5a\x56\x7c\
\xc0\xcd\x14\x80\x38\x8b\x00\xfc\xe6\x37\xbf\xf9\x27\xaa\xfa\x9f\
\xac\xb5\x9f\x88\x48\xcf\xf0\xfc\x79\xbc\x8d\x8f\x67\x52\xd5\x7e\
\x9f\xb7\xcd\xbf\x37\xb7\x53\xdb\x8f\xed\x23\xe2\x29\x8b\x96\xb2\
\x6c\x29\x6c\x47\x59\x76\x14\xd6\xc5\x7d\xe1\x28\xac\xa7\x28\x3a\
\xac\xf1\x58\xeb\x29\x8a\x80\x31\x69\x2f\x8a\x31\x1e\x11\xc5\x18\
\x05\x14\x49\xf0\x2f\x5e\x9f\x7e\x0b\x41\xf0\x5e\xf1\xde\xe0\x3c\
\x38\x27\x38\x67\xe8\x3a\x70\x4e\xda\x7f\xf4\x0f\xff\xdf\xa7\xff\
\xfc\x9f\xfd\xf9\xbf\x63\xc2\x4a\xd4\xaf\x34\x98\x15\xc6\xad\xf0\
\x66\x49\xd1\xdc\x4a\xcb\x72\x8a\x10\x9c\x6c\x02\x3e\xfd\xf4\xd3\
\x1f\x78\xef\xff\x8b\x31\xe6\x25\x40\x5d\xd7\xd4\x75\xdd\x33\x7a\
\x9f\x20\x4c\x61\xfc\xf8\xd8\x43\x4c\xcb\x6d\xa7\xf6\xd9\xd5\x0f\
\x3c\x65\xd1\x50\x14\x96\xc2\x5a\x8a\xc2\x52\x16\x05\x65\xd9\x62\
\x8d\xa1\x28\x2c\xd6\x76\x14\xd6\x60\xad\x4b\x9b\xc7\x1a\xc1\xda\
\x80\x31\x9a\x34\x62\x14\x06\x7a\x2d\x9d\x4d\xb6\xa4\x7b\x09\x3e\
\x64\x21\x88\x9b\x73\xd0\x39\xe1\xcd\x9b\x86\xb6\x95\xea\x7f\xfd\
\xef\x97\xff\xf6\x07\x1f\xb6\x7f\xf9\xfb\xbf\xfb\xf2\x0f\x1a\x4c\
\x81\x09\x96\x60\x0d\xd6\x83\xab\xd1\xaa\x41\xbe\x01\x55\xde\x3c\
\x64\x0e\x4e\x16\x00\xe7\xdc\xbf\x13\x91\x97\x00\xbf\xf8\xc5\x2f\
\xf8\xd9\xcf\x7e\x76\x67\x74\x5f\x82\x32\xa3\xce\x7b\xae\x82\xbe\
\x01\x6e\x41\x97\x1b\xfb\x35\xb0\x44\x68\x80\x15\xd0\x00\x6b\xd0\
\x16\x48\x9b\x3a\xc0\x21\xe2\x50\xf5\x80\x23\x79\x7d\x8c\x05\x80\
\x3e\x4a\x6c\xd3\x16\x1d\x07\xa4\x44\xb5\xe0\xe6\xa6\xe5\xb3\xff\
\xf6\x5b\xda\x56\xcd\xe7\xff\xf3\xfb\xff\xea\xef\x7f\xfa\xd5\x7f\
\xc4\x60\x08\x88\x98\x20\x1a\x2c\x59\x08\xa8\x1a\xd5\xaf\x09\xaa\
\xdc\xec\x02\x86\x27\x0b\x80\xaa\xfe\x53\x11\xc1\x18\xc3\x4f\x7f\
\xfa\xd3\x8b\x33\xff\x62\xa4\x4b\x60\x05\xba\x42\x64\x05\xba\x46\
\xb9\x05\x5d\x11\x99\xbf\x8e\xed\xac\x41\x93\x00\xd0\x80\x76\x40\
\x8b\x88\x03\x3a\x50\x47\xd4\xca\x9e\xa8\x01\x76\x0b\x80\xaa\x01\
\x29\x80\x12\xb4\x44\xa8\xb8\xbe\x2e\xf9\xd1\x3f\xf8\x90\x3f\xff\
\xf9\x2b\xbc\x93\x9f\x60\xe4\x39\x2a\x06\x63\x44\x15\x11\x13\x18\
\x09\x41\x60\xd1\x68\xba\xd9\x72\xdb\xcf\x3a\x59\x00\x44\xa4\x82\
\x08\xee\xc6\x00\xef\xf5\xeb\xd7\xe3\x3e\x3b\xcf\xcf\xe7\x8c\x55\
\xef\x9e\xfb\x6d\x3d\x9e\xcf\x3d\x8f\x00\x36\x08\x37\x08\x4b\x48\
\x7b\x91\xdb\x24\x0c\x03\xf3\xa3\x60\xac\x10\x69\xd3\x39\x1d\x51\
\x1b\xb4\xe9\x73\x12\x02\x3c\x71\x40\x66\x21\x18\x53\x62\x3e\x42\
\xd4\x00\x25\x50\x62\x6c\x0d\x74\x08\x35\x57\x57\x81\xc5\xc2\xd3\
\xb6\x94\x88\xb9\x06\x15\xd4\x0a\xe2\xd0\x80\x62\x82\x12\x8a\xa0\
\xd6\x79\x2c\x5e\xbf\xc5\x85\x80\xdf\x16\x27\x38\x8b\x1b\xb8\x5e\
\xaf\xf9\xeb\x5f\xff\x0a\x6c\x67\x48\x04\x53\xf1\x78\xc6\x0b\x21\
\x04\x9c\x73\x3b\x19\xb8\x8f\xb1\x53\x19\x7f\xb8\x80\x04\xac\x59\
\x22\x12\x19\x6f\xcc\x6d\x14\x00\x96\x88\x2c\x31\xb2\x46\x64\x8d\
\xc8\x0a\x61\x85\x48\x83\xd0\xa6\x63\x91\xf1\x22\x49\x0b\xe0\x93\
\x26\xf0\x90\x02\x7d\xdb\x34\x80\xea\x48\x03\x50\x12\xa3\xcb\x57\
\x18\xb3\x00\x71\x94\x45\xc7\xa2\x56\x0a\x03\xaa\x72\x2d\x62\x05\
\x3c\x68\x42\x97\x01\x15\x13\xbc\x1a\x0d\xe2\x2a\xaf\x45\xeb\xe5\
\x15\x4e\x95\x76\xd3\x14\x9c\x35\x0e\xb0\xed\x61\x8b\xc8\x3d\x37\
\x2b\x1f\x3f\x17\xf3\x0f\x65\xfa\xb8\x7f\x1c\xcd\xeb\x81\xa9\x34\
\x89\xc9\x69\xbb\xc7\xfc\x75\xdc\xe7\x3e\xd2\xf5\x42\x90\xcd\x80\
\xf4\x02\x50\x90\xa2\xc1\xa3\xbb\x7b\x44\x1a\x50\x83\x8a\x45\xd5\
\x21\x14\xd1\x35\x20\x80\x7a\xca\xb2\xa3\xae\x3d\x62\x10\xc4\x3c\
\x53\x0d\x88\x58\x85\xa0\x04\x0d\x18\x82\x8a\x38\xbc\x78\x8c\xef\
\xe8\x6a\xa7\x65\xd3\xa1\xb4\x44\x3b\xd5\xd3\xd9\x04\x60\x17\xf3\
\x77\xf5\xdd\xa6\xfe\x2f\xc5\xf8\xdd\xfd\x7c\x62\x7c\x66\x68\x16\
\x86\xe6\x2e\xb3\xef\xec\xd7\x98\xdc\x5f\x5a\xd0\xa6\x67\x7e\x14\
\xa6\x0a\xa8\x89\x8f\xde\xb2\x11\x08\x84\x5c\x0e\x20\x2e\x69\x8c\
\x25\xaa\x15\x22\x21\x9a\x0d\x09\x94\x85\xa3\xae\x3c\x80\xa0\xe6\
\x79\x74\x1e\x42\x10\x21\x60\x24\x20\xc6\x11\xd4\x61\xbc\x57\x5f\
\x74\x58\xd7\x61\xe9\xe4\x5b\xda\xa4\x05\x7a\xd7\x70\x16\x01\xd8\
\xb4\xdf\x87\x32\xff\x90\xe3\xfb\xda\xa6\xb4\x4f\xee\x43\xd3\xab\
\x71\xfa\xcf\x6d\x2f\x0c\xc6\xe4\xbf\x5b\x8c\xb4\xa9\x3d\x6b\x85\
\xf4\xd9\x24\xc1\x91\x12\x78\x0e\x54\x20\x11\xdd\x8b\x14\xa8\x6e\
\x13\x80\xe4\x25\xa8\x07\xca\xa4\x45\x96\xb1\x4d\x03\x45\xd1\x51\
\xd7\x8a\x21\x80\x98\x67\x28\x01\xd1\x20\x6a\xbd\x4a\xf0\x04\x1c\
\x12\x1c\xde\x74\x62\xc2\x02\x43\xa7\x5d\xd5\xa9\x6d\x2b\x89\xd2\
\xd7\x03\xc2\x93\x05\xc0\x7b\x8f\xb5\xf6\xe1\x07\x79\x00\x93\x9f\
\x02\xe3\x23\x85\x34\x72\x5b\x8c\x74\x08\x0e\x91\x2e\x7d\x4e\xcc\
\xee\x19\x9e\x85\x22\xab\xff\x76\xf4\xb9\x03\x16\x40\x0d\x52\x11\
\x31\x73\x49\x74\xed\x0c\x22\x59\x0b\x00\x19\x18\xaa\x47\xd5\x81\
\x74\xb1\x9f\xb6\xe9\xf3\x1a\x50\xca\xc2\x53\xd7\x8a\x48\xca\x40\
\xaa\x78\xc4\x78\x08\x2e\xaa\x8e\xd0\x12\x4c\x27\x46\x3a\x15\x69\
\x71\xd2\x60\x7c\x85\x65\xc1\x2b\x1a\xd5\x21\x5f\x70\xf6\x5c\xc0\
\x1c\xda\xe0\x94\xb6\x29\xed\xdb\xfa\xf6\xb6\x1b\x07\x99\xe1\xb4\
\xd0\xdb\xf3\x66\x10\x04\x12\xea\xbf\x23\x14\x4d\xb2\xf9\xcf\x40\
\x6a\x60\x81\x48\x9d\x3e\x27\x01\x20\x96\x06\xdc\x13\x00\x09\xe9\
\xdc\x16\xb4\x45\x59\xc7\xcf\x18\x60\x45\x59\x3a\xaa\x32\xb9\x90\
\xc1\x5c\x19\xa3\x3e\x28\x2e\x88\x76\xa8\x38\x11\xd3\x22\xda\x29\
\xb4\x78\xad\xc5\x68\xad\x42\x43\x5b\x97\x5a\x34\x75\xd2\x02\x6b\
\x38\x93\x09\xd8\x7c\x98\x9b\xc7\x0e\xb1\xf7\x97\x60\xfc\xd6\x7e\
\xda\x21\x66\x04\xda\x92\x06\x18\x84\x20\x09\x06\xdd\x08\xed\x8f\
\x99\xdf\x11\x99\xbf\x40\xe4\x8a\xa8\x01\xae\x88\x18\xa0\x4c\x26\
\xa1\x00\x1d\x69\x00\xc9\xae\xa1\x4b\xf1\x83\x12\xa4\x88\x95\x63\
\x52\xc4\x7e\x0a\xd6\xde\x50\x55\x81\x10\x44\x30\x5c\x05\x4d\x5f\
\x4e\x4d\x87\x6a\x87\x48\x8d\x48\x43\xf0\x15\x62\x2b\x95\x10\xd3\
\xd2\xc6\x57\x18\x4a\xfd\x0b\x15\x73\x0a\xc0\xd4\x87\x3a\x27\x08\
\x3c\x45\x30\xf6\xf7\x49\xee\x9a\xba\x24\x04\x19\x07\x74\x88\xf8\
\x5e\x10\x22\xb0\xeb\x86\xbf\x93\x60\x44\x21\x59\x80\xd4\x89\xf9\
\x57\x89\xf9\x49\x03\x68\x0d\x5a\xc5\x20\x8f\x6c\x9a\xcf\x64\xfb\
\x53\x2c\x01\xb5\xa9\xcf\x10\x63\x11\x79\x46\x55\xbe\xc2\x7b\x40\
\xed\x02\x09\x1d\xf8\x16\xa4\xc5\x48\xa3\x2a\xb5\x48\xa8\x10\x29\
\x91\x50\xe2\x6d\xdc\x8b\x16\xd2\xd6\x85\x16\x4d\xa1\x8a\x15\xc1\
\xcf\x26\x00\xfb\x82\x38\xbb\x04\xe2\x92\xe0\x70\x7a\x9f\x21\x6c\
\x0b\x5d\x4c\xe0\xe0\x12\xf3\x5d\xda\x7c\xd2\x0c\x19\x1f\x24\x6d\
\x21\x69\xe4\x92\x99\xbf\x48\xcc\x4f\x7b\x5d\x80\x2c\x80\xc8\x9f\
\xc1\x0c\x40\x06\x80\xd1\x5b\x2b\x41\x23\x4e\x40\x01\x91\xe8\x0a\
\x4a\x88\xe7\x9a\x8a\xa2\xe8\x04\xa5\x46\x68\x51\x53\x23\xa1\x41\
\xa5\x8a\xea\x45\x52\x21\x8a\x29\x45\x5c\xa9\xa2\xa5\x18\x4a\x35\
\x5a\x62\x28\x55\x29\x60\x26\x01\x38\x96\xf9\x53\xfb\x9e\x72\xce\
\x94\xf6\x7b\xfd\xf1\x18\x13\x10\xe2\x16\x19\xe3\x12\x1e\x70\xbd\
\x49\x18\x0b\xc9\x20\x04\x2d\xf0\x1c\x31\x35\x71\xc4\x67\x00\x78\
\x05\x3a\x32\x09\x52\x13\xcd\xc1\x7d\x01\x88\x71\x80\x06\xc5\x80\
\xe6\xa4\xb1\x80\xf8\x98\x3b\x36\x35\x22\x15\x65\xd9\x80\x31\x15\
\x4a\x85\x86\xc8\x70\xa4\x44\xa4\x14\x95\x52\x91\x92\x10\x4a\xc4\
\x96\x48\x28\xd4\x15\x85\x88\xb7\x6a\xb0\x7c\x49\x01\x34\x67\xd7\
\x00\x8f\x89\x03\x8e\x01\x7f\x91\x72\xac\x3e\x8e\xf4\xb8\xcf\xcc\
\x19\x8e\x0b\xd9\x4c\x0c\x02\x11\x99\x9a\xed\x7c\xfa\x2c\x75\x3f\
\xf2\x45\x9e\x0f\x1a\x81\x64\x06\xb0\xc3\x7d\xef\xd8\x7e\x1b\xa1\
\xba\x06\x30\x8a\x10\xd0\x3b\xf7\xa8\x80\xa6\x36\xaa\xeb\x60\xb4\
\x44\x4d\x89\x86\x12\x91\x32\x40\x29\x82\x45\x4d\xa1\x78\x0b\xd6\
\x22\xa1\x50\xd1\x02\xc1\x4a\x1d\xcd\xff\x1c\xc9\xa0\x89\x0f\x75\
\x38\x36\x07\xf3\xe7\x60\xfc\xf6\x7e\x21\x32\x5b\x15\x31\xd1\x2f\
\x1f\x92\x37\x71\x8b\xed\x1e\x31\xa1\x8f\xe9\xf7\x02\xc1\x02\x31\
\x25\x77\x84\x40\xeb\xd1\xc8\xcf\x98\xe0\x19\x11\x8c\x57\x0c\x1a\
\x60\x6c\xfb\xe3\xc8\x17\x7c\xac\x0e\xeb\xb5\x4e\xbc\xae\x98\x22\
\xd6\x97\x06\x2d\x83\x31\x31\x61\x40\x28\x30\x51\xa2\x0c\x62\x15\
\x49\x28\xd3\x14\x78\x17\x25\x0a\x8c\x34\xb5\xc5\x34\x46\x63\x87\
\xd3\xe9\x10\x0f\x60\x1b\x6d\x13\x8a\xc7\x73\x09\xb3\xca\x1f\x98\
\x2d\x12\x0b\x37\x04\x1d\x69\x82\x51\x9f\x3e\x7a\xa7\x0c\x29\xdc\
\xbc\xcf\xc2\x50\xf5\xee\x60\x64\xfe\xd5\x48\x13\x8c\x04\xa0\x07\
\x7e\xc4\x91\x2f\xc9\x23\x50\x07\xa6\x45\x28\x93\x47\x90\xd3\xc4\
\xc6\x82\x2f\x62\xdc\x18\x8b\x04\x8b\x4a\x11\x22\xc8\xb3\xc4\xcd\
\x20\x18\x11\x35\x9a\xfe\x56\xc1\x08\x98\xd9\x02\x41\xc7\xe0\x80\
\x5d\xc7\x1f\xd3\x25\x34\x46\x23\xa3\x51\xa4\x2f\xda\xd0\x84\xcc\
\xc7\x89\x9b\xa4\x1d\x46\x82\x00\x36\x31\xc7\x24\xe4\x9e\x84\x40\
\x8a\x04\xf8\xb2\xda\xae\x93\x10\x3c\x03\xb9\x22\x25\x54\x51\x1d\
\x33\x3f\x02\xcc\x08\x26\x93\x56\x60\xb8\xb6\x48\x81\xf4\xf7\x08\
\x16\xbc\xc5\x48\x72\x19\xd4\x60\x72\x5e\xd9\x18\xf1\xde\x68\x9a\
\x88\x22\xfd\x84\x94\x58\x95\xfc\x68\x20\x70\xd7\xf1\x39\x4d\xc1\
\x94\xf6\xed\x7d\x86\x52\xad\xf1\x26\xa2\x23\x24\xbe\xa5\x2d\x57\
\x7a\xf7\xc5\x1c\x19\xc4\x8d\xb4\x42\x2f\x08\x75\x62\xfe\x35\x51\
\x0b\x28\x22\x55\xb2\xf9\x1e\x72\xf8\x58\xc7\x85\x21\xf6\xee\xb5\
\x31\xe9\xb8\x33\x28\x06\x09\x12\xdd\x05\x24\xba\x0f\x46\xc0\x4b\
\xac\x3c\xb6\x02\x41\x34\xce\x3d\x11\xd2\x94\xb4\x47\x03\x81\x53\
\xfb\x1e\x73\x7c\x5f\xdb\xc3\x7d\x46\x23\x5c\x75\x34\xea\x87\x1a\
\xbe\x2c\x1c\xd2\xf7\x57\xe8\x83\x39\xf9\xbf\xc4\x03\x15\x44\x4c\
\x3a\x69\xcc\x3c\x8b\xf4\x26\xe1\xbd\x74\x3f\x10\x69\x51\x5d\x71\
\x9f\xd1\x30\x14\x10\x8f\xb7\xe1\xae\x9b\x8d\xa2\x2a\x3a\xfe\x3b\
\xfe\x9a\xfe\xef\xb3\x62\x00\x38\x1d\x04\x3e\x66\x2c\x60\xdc\x57\
\x24\x0f\x98\x73\xd2\x1d\x86\x5e\x8c\xce\x16\x0a\x3e\x17\x08\x3c\
\xb7\x4b\x28\x32\x4c\xd8\x15\x13\xe3\xf4\xaa\xf9\xfc\x8d\xed\xce\
\xb1\xf4\xfd\x95\x41\x6b\x68\xdc\xab\x0e\xa9\xdc\xa1\x0a\xc8\xa3\
\x1a\x6b\x0c\x86\x12\x8d\x35\xaa\x2d\x77\x81\x68\xfe\x9c\x2f\xbe\
\xb9\xf5\x0d\xf7\x3a\xa8\x48\x9c\x6b\x9c\xff\xde\x72\xf2\x2c\x6e\
\xe0\xae\x51\x3d\x85\x1e\x3b\x75\xbc\xbd\xcf\x36\x55\x1b\xb7\xa8\
\xec\xcd\x96\x36\x93\x00\xe1\x18\x14\xe6\xc4\xce\x38\xc5\xdb\x11\
\x33\x7b\x11\xf0\xc5\x20\x5f\x07\x64\x10\x98\xea\x0a\xfb\x42\xd2\
\xf1\xb5\x62\x20\xe8\x6e\x3d\xa1\x23\x46\x87\x88\xc1\x02\xdc\x20\
\x79\x04\x25\x4e\x3f\x56\x8d\x53\xce\xd2\xe4\xd3\x28\x18\x22\x84\
\x8b\xa4\x83\x61\x3a\xa3\xe7\x4c\x11\x1f\x03\x10\x55\x4d\xb4\xd9\
\x8c\xb7\x64\xcf\xc9\x6d\x90\x99\x9e\x6d\xb5\xaa\xd0\x97\x7b\x0d\
\x6b\x3c\x00\x0e\x0d\x0e\x31\x31\x97\x40\x2a\x2a\xe9\x23\x7c\xea\
\x51\x1d\x05\x82\xc8\x42\xd0\xd0\x57\x14\xa7\x80\x13\xe9\xfa\x1a\
\x62\xba\x58\x7b\x01\x51\x0f\xc6\x13\xbc\x8f\x45\x02\x84\x5c\x19\
\x04\x21\xa8\x8d\x6b\x0d\x08\x04\xd5\x61\x0f\x33\x08\x40\x7c\x68\
\x0f\x17\x74\x9e\x83\xf9\xe7\x73\x09\xc7\x8c\x8f\xcc\x15\xb1\xf7\
\x8e\xe5\x9a\x3d\xc9\x9e\x17\x16\x0d\x3a\x44\x05\x7b\x86\x65\xa6\
\xc7\xea\xa0\xe8\xa5\x09\xbd\x9f\xdf\xa7\x79\x21\x0a\x4c\x0e\x04\
\x2d\xc9\x15\xc6\xaa\xa9\xa8\x44\x63\xb2\x6f\x88\x3a\x3a\xd0\x90\
\x12\x14\x21\xab\x09\x07\xc1\x1b\xc1\x6b\x96\x46\x4d\xeb\x0d\x64\
\x1b\x94\x84\x80\xb9\x04\x00\x4e\x07\x82\x4f\xc7\x25\x4c\x4c\x37\
\x83\x20\xf4\x8c\xee\x0b\x35\x4d\x8c\xbf\xa4\x91\x4f\x4e\xd7\x4a\
\xc5\xc0\xfc\xcc\xf4\x02\xa4\x41\x43\x11\xaf\xd9\x8f\x7c\x05\xba\
\xe8\xea\xdd\x0b\x05\x67\x2d\x91\xcb\xcc\xd7\x60\x9a\xd8\x3f\x6d\
\x1a\x92\x06\x30\xd2\x99\xe0\xbb\x60\x42\x8c\x16\x05\xf5\x18\x5c\
\x50\xf5\x82\x3a\x34\x55\x07\x59\xf1\x04\x8d\x02\x51\x37\x81\x75\
\x5c\x82\xe6\xc9\xd4\x03\x4c\x39\xf7\x98\xe3\xfb\xda\xb6\xb7\x5b\
\x54\x73\x50\x27\x4f\xca\x18\x84\x00\x8a\xd4\x1e\x63\xf6\xc3\xdf\
\x96\x58\x73\x99\x22\xb3\xda\xd2\x47\x63\xc5\x6c\x44\xf8\x92\xaf\
\xaf\xb9\x30\x14\x06\x7b\x9f\xb4\x05\x6b\x34\xac\x40\x92\x26\xa0\
\x49\xc7\x47\x5a\x85\xd0\x06\x91\x8e\x20\x1d\xc6\x77\xf1\xa6\xda\
\x19\xe8\x54\xf1\x79\x86\xb1\xa2\x0e\x15\x07\xe2\x55\x71\x34\x38\
\x98\xd1\x0b\xd8\xff\x50\x0f\x41\xe2\xe7\x8f\x13\x3c\xd8\xde\x33\
\xd5\x8c\x34\x41\x81\x52\x20\x0c\x4c\x1f\x42\xbd\x65\x12\x92\x9c\
\x21\xec\x46\xcc\x37\x89\xf9\x26\x6a\x7e\x0d\xd1\x1b\xc8\x49\x1f\
\x6c\xf2\x26\x48\x5a\x21\xab\xf7\x76\xc4\xfc\x15\x48\xc6\x06\x2d\
\x1a\x1a\x54\x5b\xba\xce\x40\xa0\xc1\x84\x36\xa1\xcb\x16\x42\x87\
\xaa\x53\x51\x87\x6a\xac\x61\x0b\xae\x83\xe0\x28\xbc\xc7\x19\x47\
\xc0\xf3\xd1\x4c\x02\xe0\xbd\xc7\x18\x73\x54\x51\xe8\x63\xe1\x80\
\x7d\x82\x31\x8c\xfe\x51\x52\xa7\x8f\xc4\x95\xfd\xdf\x8a\x4d\x2a\
\xbe\x48\x23\x39\x85\x7c\x75\xc9\x50\xc4\x91\xc1\x22\xa0\x01\x95\
\x80\x68\xc2\x06\x59\xa3\x68\xfe\x3e\xb9\x26\xd0\x45\x8f\x40\xf2\
\x88\x6f\xa2\x19\x60\x98\x71\x14\x7c\x83\x73\x46\x89\xf3\xd1\x1a\
\x24\x44\x1f\x52\xb4\x8b\xbe\xa4\x36\x28\x1d\x04\xa7\x71\xe4\x3b\
\x54\x3a\x09\xd2\xa9\xd2\x89\xcc\xa8\x01\xe2\x43\x7b\x1a\x20\x70\
\x9e\x58\x40\x2e\xda\x1c\x25\x74\x52\x6a\x37\xfa\xe9\x71\xc4\x4b\
\x2f\x20\x69\xd4\x8a\x8f\xf3\xfe\xa4\x46\x7a\xa4\x9f\x0a\x3a\xc8\
\x23\xdf\xa3\xb9\x68\x44\x73\x82\x6e\x10\x00\xcd\xee\x62\xd6\x22\
\xb4\x91\xf9\x92\xe7\x1b\x36\xa8\xae\xe8\x9c\xa1\x6d\x01\xf1\x6b\
\x34\x4d\x52\x40\x1b\x82\x36\x62\x12\xf3\x55\x63\x95\x90\xd5\x16\
\x2f\x2d\x79\x9d\xa1\xd5\xb0\xe2\xd8\xd9\xbd\x80\xa7\x80\x03\x8e\
\x8a\x05\xf4\x0c\x6f\x46\x23\xbc\x44\x4c\x45\xb4\xc1\x55\x44\xe4\
\xd2\x11\xcb\xbb\x72\x29\x57\x20\x4f\xe2\x88\x53\xc5\xa0\xcf\x1d\
\xf4\xd9\x3d\x47\x4e\xec\xe8\x1d\x13\x30\x8e\x23\xe4\xb9\x84\x39\
\x11\x94\xb5\xc1\x0a\xef\x2d\x6d\x6b\xf0\xd1\x99\x5b\x63\xfc\x1a\
\x65\x8d\x84\xd4\x29\xb9\x0e\x86\x96\xe0\x5b\xd1\xd0\xaa\x0d\x2d\
\x5e\x3a\x02\x5d\x5a\x69\x0c\x98\x19\x03\x4c\x65\xea\x36\x0f\xe0\
\x94\x48\xe0\x39\x5c\x42\xd5\xa8\xea\x23\xc3\xe3\x96\x8b\x44\xc9\
\xf3\xfc\xee\x4d\xf3\x8a\x8c\x56\xcd\x41\x9a\x35\x22\xcb\x81\xb1\
\xe2\x12\x43\x73\x21\x48\x72\x2b\xef\x99\x80\x11\x18\x64\xa4\x09\
\x58\x03\x25\x5d\x67\x69\x5a\xa1\x6d\x15\x4c\x58\x12\x58\x61\xc2\
\x1a\xd5\xb5\x88\x36\xa8\x34\x68\x68\x44\xb4\x51\x2b\x8d\x7a\x69\
\x31\xb4\x94\x6d\x2b\x4d\x1f\x60\x00\xce\x10\x09\x1c\x6b\x83\xcd\
\x87\xfb\x54\x4c\xc1\x94\xf6\x21\x59\x93\x19\x96\x46\x3c\x55\x1a\
\xf5\xc3\x44\xcf\x61\x36\x4f\x0c\xc2\x89\xc4\xc5\x1e\xa2\x6a\x6f\
\x10\x56\x11\xf5\xf7\xe7\x8f\xd1\xff\x96\x79\x01\x29\x80\x14\xef\
\x11\x85\x40\x43\x87\x98\x05\xb0\xa0\x73\x2d\x4d\x03\x5d\x23\x0a\
\xac\x10\x5d\x42\x58\x19\x74\xa5\xe8\x0a\xd5\x35\x26\x34\x1a\x42\
\x23\x26\x34\x14\xa1\x51\x27\xad\x48\x5c\x5e\x4e\x46\xeb\x05\x9c\
\xad\x1e\xe0\xd8\xa4\xcc\x53\xc0\x01\xb9\x8f\x52\x25\xf5\x5e\x21\
\xd4\x69\xb2\x86\x4b\x55\x3a\x3e\xf9\xfb\x61\xa4\xfa\xb3\x10\x24\
\xad\x46\x5a\x02\x48\x2c\x68\x87\xc8\x2d\x71\x44\x8f\x53\xbb\xe6\
\x2e\xff\xef\x84\x92\x93\x37\xa0\x25\x22\x79\x56\xd1\x02\xe7\x6e\
\x68\x1a\x43\xd3\x2a\x68\x58\x22\x61\x85\xea\x5a\xc5\xaf\x50\xd6\
\x18\x5d\xc7\xa5\x63\xc2\x5a\xbd\x44\xfb\x51\xb6\x0d\x6d\xb6\x25\
\x03\x5d\x24\x12\x38\x7e\xa8\xbb\xfe\x3e\xe4\xd8\xa1\x7d\xf7\xb5\
\xed\x6e\x2f\x88\x65\x5b\x31\xe8\x92\xab\x85\xe3\xe7\xcc\xa4\x9c\
\x32\x86\x9c\x0a\x56\x84\x9c\x06\x8e\x42\x30\x76\x1b\x7d\xd2\x08\
\xf9\xfa\xb2\x61\x02\x92\x00\xa8\x10\x0b\x77\x9f\xa1\x5a\x10\x4d\
\xd0\x02\xd5\x8a\xae\x2b\x58\x37\x86\xae\x43\x91\x70\x8b\x86\xa5\
\x88\x2e\x51\x5d\x11\x58\x62\xc2\x2a\x09\xc1\x1a\xeb\xd7\x38\xb3\
\x06\xd6\xbc\xb8\xbf\xb0\xe4\xa3\x16\x84\xec\xa3\x4b\x30\x7f\xaf\
\x4b\xc8\x82\x58\xf8\x99\xd5\x7d\x44\xfb\x3d\xaa\x27\xfd\xfe\x34\
\xf2\x91\xc4\x50\x11\xa2\x7d\xcf\x8b\x3c\x14\xa0\x65\x3a\xbf\x4a\
\x76\x7e\x9c\xe9\x8b\x77\x8b\x5a\xa1\x4a\x11\xc6\x14\x8f\xa0\x40\
\xa4\x46\x75\x01\x52\xd1\xb9\x92\xa6\x31\xb8\x0e\x4d\xcc\xbf\x45\
\xb9\x45\x75\x89\xd1\x15\x21\xac\x30\x61\x85\xf5\x2b\xf1\x66\xa5\
\x65\xb3\x96\xa6\x5f\xc1\xe2\x0e\x5d\x64\x6a\x58\xd6\x10\x79\x31\
\x88\x29\xa0\x6f\x0e\xe6\xcf\x63\x0a\x2c\x22\x57\x29\xc8\x93\x81\
\x9c\x0e\x68\x5f\xc2\x10\xd9\x95\x6d\x23\xdf\x12\xd5\x7e\x97\x40\
\x63\xba\x8e\x8e\x34\xc8\xbd\x15\x42\x62\x7e\x21\x86\x9d\x0b\x54\
\x8b\x58\xfe\x9f\x4a\xcc\x3b\x57\xb1\x5a\x0b\x5d\x07\x77\x98\x2f\
\xba\x24\x84\x5b\x31\x61\xa5\xc1\x2c\x21\xac\xb4\x68\x57\x74\xac\
\xf4\x7b\xac\xcd\x96\x65\x62\x66\xab\x0a\xde\xa5\x05\xbe\xfa\xea\
\x2b\x3e\xff\xfc\x73\x8a\xa2\xe0\x87\x3f\xfc\x21\x3f\xfe\xf1\x8f\
\xef\x2d\xe1\x76\x8a\x5b\x78\x09\x97\x50\xb5\x42\xb8\x4a\x23\x3e\
\xc4\x14\x7b\x1f\xd1\x8b\x35\x36\x51\x08\x84\x3e\xe4\x4b\xb6\xfd\
\x49\x00\xb2\xe7\xa0\x2e\xd6\x07\x3c\xb0\x40\x44\x4c\x2c\xa5\x08\
\xa4\x44\x0d\xa0\x5a\x03\x57\x28\x25\x6d\x5b\xb0\x5e\x5b\x9c\x0f\
\x8a\xfa\x1b\xd4\xac\x10\x77\x8b\x86\x5b\x4c\x58\x69\x90\x5b\x8c\
\x5b\x89\x37\x4b\x85\x35\x4b\xd6\xe6\xc5\xf6\x55\x44\xcf\x9e\x0b\
\xf8\xe3\x1f\xff\xc8\x07\x1f\x7c\xc0\xf5\xf5\x35\xde\x7b\x44\xe4\
\x0e\xc3\x9f\x8a\x67\xb0\xdf\x14\x5c\xf5\x60\x4f\x08\x03\x70\x93\
\x18\xe9\xd3\x7e\xe5\x77\x1b\x3f\x8b\x45\xb5\x40\xa4\x43\xd3\xfc\
\xc2\x01\x47\x24\x10\xd9\x17\x9c\xea\xe8\x5a\xc3\xf5\xa2\x09\x29\
\x63\xba\x58\x6a\x34\x95\x91\x77\xae\xa4\x69\x0d\x9d\x13\x25\x70\
\x83\x71\xab\x04\x06\x97\x04\xb9\xc5\xfa\x25\xce\x2c\xb5\x68\x56\
\xac\x58\xca\xc7\xdb\xd7\x07\x82\x33\x85\x82\xe3\x6f\x89\x4f\xa8\
\xaa\x2a\x3e\xf8\xe0\x03\x5e\xbe\x7c\x49\xdb\xb6\x14\x45\x81\xb5\
\x96\xf5\x7a\xfd\xe4\x43\xc6\x77\xfb\x19\xe2\xfc\x7e\x7a\xe6\xc7\
\x02\xce\x38\xea\x05\x89\x41\x9d\x7e\xc2\x67\x0e\x1f\xe7\xbc\x40\
\xc4\x0f\x71\xc5\x8f\xcd\xd1\x9f\xab\x89\xb2\x00\xa4\x65\x62\x52\
\x24\x52\xb1\x51\x03\xc8\x33\xa0\xa4\x6d\x6b\x96\x4b\x8b\xf3\x80\
\x09\x37\x84\xb0\x92\x3c\xf2\xad\x5f\xe2\x65\x49\xd9\x2c\xa5\x61\
\xc9\x0f\xb8\x95\x07\x96\x8e\x3d\x3b\x08\xfc\xe4\x93\x4f\x80\xb8\
\x18\xd4\x62\xb1\xe0\xfb\xdf\xff\x3e\x5f\x7d\xf5\xd5\xd6\xbe\x4f\
\x8d\xf9\x5b\xb3\x84\x3c\x1b\xa9\xfd\x8c\xf8\x87\x84\xcf\x50\x0d\
\x9c\x51\x7f\xf6\xe5\xb3\x5f\x9f\x5c\xc7\x1e\x8c\xe7\xa0\x11\xe4\
\xd1\x1f\x3f\x8e\x30\x00\x96\x3c\xa1\x44\xb5\x88\x26\xa0\x49\x1a\
\x40\xf4\x26\xaa\x7d\xb3\xc2\xb8\x25\xce\x64\xe6\xdf\xf2\xc1\xfe\
\x25\x63\xcf\x9e\x0b\xf8\xe4\x93\x4f\x50\x55\x9e\x3f\x7f\xce\xfb\
\xef\xbf\xcf\xed\xed\x2d\x5d\xd7\xbd\xc5\x41\xa2\x02\xe5\xf9\x80\
\xf4\xc7\xfb\x94\x2c\x8a\x4b\x01\x37\x88\xe4\xdc\x41\xce\x17\x8c\
\x03\x47\x49\x03\xe8\x06\x06\xe8\xcd\x80\x4d\x66\x20\xa6\x9a\x55\
\xaf\x92\x16\xa8\xe9\x5c\xcd\x6a\x65\xe9\x9c\x2a\x21\xdc\x60\xfd\
\x0a\xc2\x8a\xb4\x54\xac\x34\x2c\x13\xf3\xdd\x83\x3f\x94\x0b\xc5\
\x01\x8c\x31\xac\x56\x2b\x56\xab\xe8\x85\x6c\x82\xbe\xa9\xa1\xe0\
\x73\x6a\x83\x29\xed\x03\x15\x20\xd7\xf4\x85\x21\x1a\x6b\x06\xa2\
\xda\x6f\x93\xdb\x16\x99\x9f\x57\x08\x53\xf2\xd4\xb1\x94\x30\xea\
\x5d\xc0\x0d\x01\xd0\x21\x83\x98\x57\x0b\x43\xca\x68\xff\xd3\xfa\
\x02\x4d\x5b\xb3\x5a\x17\xb4\x2d\x8a\xf1\x6f\xc4\x9b\x15\x5e\xd6\
\x5a\x34\x2b\xd6\xac\xf8\x90\xdb\x4d\x7f\xff\x81\x5f\x72\x1a\xed\
\xf3\x02\xb6\x8d\xf4\xb9\x66\x13\x5f\x1e\x07\x8c\xfb\x59\x94\xeb\
\x64\xef\x13\x62\x57\x4b\x3f\xd9\xb3\xcf\xf7\xe7\xf8\x7f\x8e\x1f\
\x8c\x16\x89\xd4\x10\x07\x3c\xf9\x19\x42\xef\x3d\x20\x23\x20\x58\
\x30\xcc\x27\x2c\xe8\xba\x9a\xd5\xda\xd2\x75\x80\x33\x6f\xb4\x6c\
\xd6\x02\x6b\x6e\x58\xc9\xc7\x2c\x1f\xb2\xf9\x9b\x34\x1b\x08\xdc\
\x46\xc7\xb8\x5c\x4f\xc9\x14\xec\xef\x23\x11\x13\x24\xb4\x1e\x67\
\xf6\xc4\x15\x3d\xf5\xce\x12\xb1\xd9\x0d\xd4\x24\x18\xe3\xaa\x5e\
\x86\xbd\x48\xb2\x08\xd9\x13\xc8\xe9\x68\x83\x72\x85\xea\x33\x90\
\x82\xb6\xab\x58\x2e\x2d\x9d\x0b\x8a\x6d\xde\x48\x93\x5e\x18\xf1\
\xfe\xe1\x2f\x8c\xb8\x58\x28\x18\xa6\x31\x7b\xdf\x39\x87\x1c\x3b\
\xe6\xf8\x21\xdf\x6d\xa0\x3a\x31\x3e\x57\x07\x65\xe6\xb7\xa3\xe0\
\x4f\x9b\xb2\x84\x29\x10\x74\x67\x95\xd0\xc1\x04\xc4\x4f\x03\x98\
\xd4\xb4\x42\x88\xf6\x1a\xa0\xa4\xed\x06\x13\x20\xd7\xbc\x01\xd6\
\x66\xe2\xfb\x01\x36\xe9\x6c\x20\xf0\x98\xf0\xef\x63\x6a\x83\xa9\
\xed\xbb\xfb\x25\x0f\x81\x8a\x3b\x8b\x44\xd3\x91\x27\x7a\xc6\xe0\
\xcf\x5d\x01\xd0\x8d\x38\xc0\xa6\x00\x0c\xeb\x07\xe4\xd9\xc4\x25\
\x6d\xbb\x60\xb9\xb4\xac\x1b\x54\x64\xb7\x8f\x3f\x85\x9e\x4c\x32\
\x68\xce\x7c\xc1\x65\x5c\xc2\x5d\x54\xa4\x24\x4e\x1d\x83\x40\xd9\
\xfe\x93\x6b\xf8\x53\x28\x79\x1b\x08\xd4\x64\x02\xb2\x00\xe4\x7c\
\x02\x05\xc8\x15\xaa\x57\x20\x25\x6d\x77\x45\xd3\x16\x78\xbf\x17\
\xe4\x4f\xf8\xb6\x27\xd2\xb6\xb5\xf7\x37\xe9\x5c\x40\xf0\xe9\x99\
\x82\x31\xc5\xca\xe2\x38\xf3\x37\xd7\xf0\x6f\x80\xc0\x3b\x38\xa0\
\xbf\x21\x51\xf5\x0b\xfd\xcc\x60\x29\xa2\x76\x91\x05\x90\x42\xce\
\x27\x7d\xb7\x81\xce\x0a\x02\xa7\xd2\x36\xb7\x70\x5b\x9f\x29\xd7\
\x99\xe3\xf8\xd4\xfb\x4d\xef\x9f\x5d\xc4\x3c\x60\xc6\xa5\x5f\x70\
\x37\x10\x04\x91\xe9\x79\x4e\x42\xca\x32\xf6\x73\x07\x18\x5d\xe7\
\x74\xba\xf8\xc4\x90\x29\xcc\xde\x77\x8d\x5d\xd7\x9d\x72\xde\xbe\
\x7b\x9e\xee\x19\x4c\x39\x37\x17\x83\x8c\x85\xe2\xf0\x7b\xcd\x21\
\x04\x17\xf5\x02\xa6\xd0\x5c\x0c\x78\x3a\xa6\x60\x3f\x8d\xaf\x3d\
\xe5\x39\xce\xf9\xbc\x67\x15\x80\x43\x81\xde\x31\xa3\xf8\xd8\x3e\
\xc7\x1c\xdf\xd7\x76\x0e\xca\xf7\x9b\x2a\x08\xa7\xd2\xd9\x23\x81\
\xa7\xd0\x29\x6a\x7e\x4a\xbf\xb9\x18\x7f\xa8\x90\x1c\x12\x33\x39\
\xc7\x73\x1d\xd3\xc9\x02\x10\x42\x40\xe4\xfe\x8a\x9f\x73\x8c\xfe\
\x7d\xf4\x18\x71\x82\xa9\x7d\x0e\x39\xff\x18\x0c\x30\x97\x19\x78\
\x72\x18\x20\xd3\x1c\xe6\xe2\x90\x63\x0f\x1d\xdf\xd7\x76\x2a\x4d\
\xc1\x00\x87\xe2\x84\xa9\x74\x9a\xff\xc6\x34\x13\x70\xe8\x68\xbf\
\xb4\x36\xd8\x77\xfc\x92\x38\x60\xea\xfd\xfe\xe6\x35\xc0\x98\x1e\
\x43\x1b\xec\x6b\x3b\xa4\xcf\x36\x9a\x12\x08\xdb\xd5\x67\xce\x67\
\x7d\xb6\x92\xb0\x4c\x87\x46\x01\xe7\xc0\x0a\x4f\x25\x5f\x30\xf5\
\x1a\xfb\x9e\xdd\xb6\xf6\x27\xe7\x06\x3e\x16\xcd\x29\x10\xfb\xae\
\x77\x2e\x53\xb0\x0f\xf1\x9f\xd3\x04\x3d\xa9\x74\xf0\x63\xc5\x0d\
\x76\x1d\x9b\xd2\x36\x27\x5d\x3a\x06\x00\x67\x5e\x26\xee\xb1\x82\
\x28\x87\xf6\x39\xc5\x25\x3c\xa4\x5f\xa6\xa9\x89\xb0\x4b\x68\xd6\
\x47\x03\x81\x97\x88\x1b\x9c\x2b\x5f\x30\xf5\xfe\x53\xce\xdd\x87\
\x87\x36\xdb\x1f\xca\xba\x1e\x43\xb3\x82\xc0\x43\x17\x8a\x98\x93\
\xe6\x02\x8b\xc7\x1c\x3f\x85\xf6\x09\xc3\x3e\xd0\x7c\x2a\x9d\x45\
\x03\x6c\xcb\x0b\x1c\x42\x4f\x4d\x1b\x4c\xbd\xc7\xae\xbe\x53\x19\
\xf8\x90\x29\x1d\xb7\x3d\x29\x37\x10\x0e\xff\x42\x9b\x3f\x74\x6e\
\x29\xbf\x84\x36\x38\xf5\xda\x87\xba\x7e\xe7\xd2\x02\x8f\x12\x09\
\x3c\x84\x1e\xcb\x53\x78\xe8\x78\x6e\x3b\xf5\x77\x3d\x05\xcf\xe3\
\xec\x20\x50\x55\xf9\xf2\xcb\x2f\x69\xdb\x96\x8f\x3f\xfe\x98\xaa\
\xaa\xee\xb4\x1f\x33\x5a\x4f\xa1\x53\x91\xfd\xdc\xdf\xef\x21\xc4\
\x7f\x6e\xfb\x0f\x17\x88\x04\xfe\xfe\xf7\xbf\xe7\xf5\xeb\xd7\x5c\
\x5d\x5d\xf1\xfa\xf5\x6b\x7e\xfe\xf3\x9f\xdf\x9b\x1e\x3e\x95\x2e\
\xa1\x0d\x0e\x39\x36\xe5\x3b\x66\x3a\xd6\xf5\xdb\x26\x04\x73\x0a\
\xe1\xd9\x35\xc0\xab\x57\xaf\x78\xf9\xf2\x25\x2f\x5e\xbc\xc0\x39\
\x87\x73\x0e\x6b\xed\x24\x21\x78\x0c\x6d\x70\x2e\x70\x38\x15\x18\
\x9e\x9b\xe1\x9b\x74\x76\x10\xf8\xe2\xc5\x0b\xae\xaf\xaf\xf9\xe8\
\xa3\x8f\x58\xad\x56\x5c\x5f\x5f\xd3\x75\xdd\x56\x01\x78\x6c\xcf\
\xe1\x1c\x41\xa2\x5d\x74\xa8\xea\x3f\x97\x10\x9c\x1d\x04\xfe\xe4\
\x27\x3f\xa1\x28\x0a\x96\xcb\x25\xef\xbf\xff\x3e\xd7\xd7\xd7\x38\
\x17\xeb\xd9\x4f\x71\xad\xce\x65\x8b\xa7\x1c\x9b\xf3\xde\xbb\xae\
\xf7\x37\x03\x02\xdf\x7b\xef\x3d\x5e\xbc\x78\xc1\xf3\xe7\xcf\x11\
\x11\xbe\xf9\xe6\x1b\x42\xd8\x3f\x8b\xe9\x92\xda\x60\xea\xfd\x4f\
\x75\x09\x0f\x8d\xfa\xbd\x55\x20\x70\x1b\xe5\x07\x12\x42\xe0\xcd\
\x9b\x37\x67\x0b\xb4\xcc\xa5\x8e\x1f\xba\xde\x1c\xa6\xe0\x98\xa8\
\xdf\xb9\x85\xe0\x64\x13\x00\x97\x2f\x08\x39\xe5\xdc\x4b\x06\x89\
\x2e\x7d\xcd\x63\xe8\xd1\x04\xe0\x5c\x41\x90\x4b\x69\x83\x39\x18\
\x35\xd5\xfe\x3f\x69\x2f\xe0\x90\x38\xf7\x39\x68\x4e\xd3\x71\x8a\
\x36\x98\x72\xfe\x21\xae\xdf\xa5\xe8\x64\x0d\x90\x01\xdd\x29\x3f\
\xe0\x14\x26\xce\xd5\x77\xca\xf9\x0f\xa9\xed\xa9\xc2\x33\x55\xf5\
\x5f\xca\x14\xcc\x6a\x02\x2e\x31\x39\x64\xae\xbe\xfb\xce\x9d\x23\
\x5f\x30\xf5\x5e\x87\xde\x73\x4e\x9a\x1d\x03\xe4\xfd\xa5\xc1\xcc\
\x3e\x3a\xc7\xc3\x7d\x4c\xac\x32\x17\x3d\xca\xd4\xb0\xb9\x6c\xde\
\xa5\x80\xe4\x5c\xf9\x82\xa9\x71\xfe\x73\xa6\xca\x37\xe9\x64\x0d\
\xe0\xbd\xbf\xf8\xec\xe0\xb9\xe9\xd0\x7b\x1e\x1b\xb9\x7b\xcc\x88\
\xdf\x2e\x9a\xc5\x04\x5c\x8a\xe6\x7a\x58\x73\x07\x9d\x4e\xc5\x29\
\x8f\x05\x00\xe1\x42\x71\x80\x4b\xfc\xa0\x73\x45\x19\x8f\xed\x7f\
\x08\xe2\x9f\xfb\x3b\x1d\x42\x6f\x45\x24\xf0\xa9\xd2\x94\x20\xd1\
\x63\x27\x7b\xf6\xd1\x2c\xd9\xc0\xa7\xe0\x02\x9e\xe3\x1e\x87\xaa\
\xe6\x53\xb4\xd0\x5b\x1b\x07\x38\x15\x04\x3e\x95\x91\x70\x2a\x9d\
\x1a\x45\x7c\x2c\x9a\xcd\x04\x3c\x25\x7a\x6c\xcd\x91\xdb\x4f\x4d\
\x1f\x5f\x82\x66\xf3\x02\x9e\x9a\x10\x3c\x26\x6d\x62\x80\xa7\x4c\
\xef\x40\xe0\x77\x9c\x9e\x34\x08\x7c\x5b\x69\x73\x96\xd4\x53\xa6\
\x47\x07\x81\xe7\xa0\xa7\xf0\x5d\x9e\xda\x33\xd9\x45\x7f\x93\x20\
\xf0\x12\x74\xcc\xd4\xad\x4b\x4d\xf7\x3a\x84\x1e\x5d\x00\x1e\x3a\
\xf7\xb1\x1f\xd0\x63\xde\xff\x52\xf7\x9e\xd5\x0b\x78\x1b\xf1\xc0\
\x21\xdf\x75\xdf\x08\xde\xf5\xdb\xb7\x1d\x7f\x2a\xda\xe0\x22\xe9\
\xe0\x53\xa7\x8b\xbf\x6d\xf4\x36\x0d\x80\xb7\x0a\x04\x1e\x6b\x2e\
\xe6\x1e\xe5\xc7\x5e\xfb\x92\xf7\x98\x4a\xdf\xc9\x38\xc0\xdc\xdf\
\x75\xea\xef\x7f\x8a\xcf\xe9\x51\x04\xe0\x12\xc0\xef\x31\x46\xfd\
\x21\x18\xe0\xd4\x7b\xcd\x45\xa7\x08\x80\x00\x45\x08\xe1\xd1\x8a\
\x4a\x9e\x2a\x4a\x9f\x0a\x88\x9f\x82\x36\x38\x86\x79\xf1\x8d\x48\
\x70\x05\x5c\x85\x10\xcc\x14\x94\xfb\xd8\x74\xea\x28\x3f\x74\x64\
\xef\xfb\x2e\xbb\xae\xb7\xef\x9e\x1b\x24\x44\x3e\x54\x1c\x39\x98\
\x0f\xf1\x02\x8a\xd1\x96\xdf\x68\x58\x78\xef\xed\x43\x0b\x44\x4c\
\xa1\x43\x3c\x88\x87\x3c\x8a\x73\x7b\x1b\xbb\xae\x7f\xc8\x7d\xa7\
\x9a\x82\x03\xe8\x8a\x3b\xaf\x24\xeb\x3f\x4f\xa2\x29\x02\x60\x52\
\xbf\xfc\x3e\xf4\x3b\x9b\x88\x6c\xd5\x00\x4f\x81\xf6\x09\xcf\xa1\
\x7f\xef\x3a\x96\x8f\x8f\x29\xf7\x39\x26\x42\x38\xf5\xbc\x10\x82\
\x70\xe7\xb5\x64\xfd\xcb\x88\xf2\xab\x4a\xf7\xd2\x3e\x01\x30\x0c\
\xaf\xbc\xca\x02\x30\x16\x84\x32\x84\x60\xa6\x68\x80\x43\x47\xc9\
\x39\xfa\x1e\x43\x87\x08\xc1\x66\x9f\xa9\xd7\x3f\xf6\xdc\x44\x35\
\x03\xe3\xf3\x9b\xa7\x49\xfb\xf4\xbe\xda\xdd\xf4\x90\x00\x08\x23\
\x46\xa7\x7d\x35\xfa\xbb\x24\x09\xc0\xe6\x17\x2e\x8a\x82\xb2\x2c\
\x77\x3e\xa4\x10\x42\xff\x10\xad\x1d\x5e\x87\x76\xec\x8c\x99\x43\
\x0a\x2f\xe6\x2e\xdf\x3e\x56\xf8\xf2\x33\x9b\x22\x5c\x0f\x08\x9c\
\x10\x79\x22\x0c\x8c\xbf\x73\x2a\x7b\x34\xc1\x43\x02\x90\xa5\xaa\
\xd8\xb2\xef\x85\x20\xa9\xa1\x7b\x8b\x3e\xbc\xf7\xde\x7b\x3b\x2f\
\x3c\x36\x19\xa7\xbe\x73\x70\x1f\x3d\x45\xd3\x04\xa7\x15\x8a\x6c\
\xfc\xa6\x72\xdc\xc4\xf0\x52\xc2\xf1\xcb\x09\x77\xae\xc8\xf1\xd0\
\xd3\x4f\xef\x44\x4f\x2f\xb3\x1f\xb6\xb1\xba\x31\xce\xb9\xd7\x00\
\x4d\xd3\x70\x73\x73\x33\xe9\x07\x88\x08\xc6\x98\xb3\x30\xff\x6d\
\xcd\x49\x4c\x25\x55\xe5\x0f\x7f\xf8\x03\x00\xde\xfb\xbf\x30\xe2\
\x05\xf7\x79\x95\xff\xde\x49\x53\x40\xa0\x6c\xf9\x9c\x55\x8e\x7c\
\xf3\xcd\x37\x9f\x3d\x7f\xfe\xfc\x5f\xa8\x2a\xbf\xfe\xf5\xaf\xf9\
\xd5\xaf\x7e\xc5\xf3\xe7\xcf\x87\x13\xce\x34\x7f\x6e\x1f\xc8\x7a\
\x8c\x49\x24\x73\xd2\xb6\xdf\xe5\xbd\xe7\xb3\xcf\x3e\xe3\x8b\x2f\
\xbe\x00\x60\xb9\x5c\xfe\xd7\xd4\xb4\xc9\x17\x36\x8e\xef\xa4\x87\
\x3a\x8c\xc1\x5f\xf5\xc0\xdf\xd5\x2f\x7f\xf9\xcb\xff\x70\x75\x75\
\xf5\x2f\xf7\xdd\xec\x1d\xcd\x47\xce\xb9\xcf\x7f\xfb\xdb\xdf\xfe\
\x9b\x9b\x9b\x9b\x6f\x19\x50\x7f\x47\xff\xca\xf2\x3b\x9f\x77\xba\
\x85\x76\x57\x43\xa2\xb1\x2a\x91\x8d\xcf\xbd\xb4\xfd\xe9\x4f\x7f\
\xfa\x1f\x2f\x5f\xbe\xa4\x2c\xcb\xbf\x33\xc6\x94\xbb\x2e\xf6\x8e\
\x66\x21\x77\x73\x73\xf3\x9f\x7f\xf7\xbb\xdf\xfd\xfb\x6f\xbf\xfd\
\xf6\x35\x91\xb9\x99\xc9\x6e\x63\xcb\x6f\xaa\xde\x49\xfb\x54\xc4\
\x1d\xc4\xcf\x6e\x77\xb0\x00\xec\x62\xb1\xb8\xfa\xe4\x93\x4f\x7e\
\x24\x22\x05\x60\x54\x55\x16\x8b\xc5\x5f\xd7\xeb\xf5\x87\xc7\xfd\
\xd6\xef\x34\x29\x80\x88\x04\x11\x09\x80\x8a\x88\xff\xfa\xeb\xaf\
\xff\xfc\xea\xd5\xab\x37\x44\x06\x77\x0c\xcc\x1e\x6b\x81\xfc\x77\
\xcb\x03\x00\x10\x26\xd8\x08\xee\x32\x7b\x2c\x00\x9b\x5e\xc1\xa6\
\x2f\x9a\xc1\xc7\x37\xc0\xcb\x49\x3f\xf9\x1d\x8d\xc9\x33\xf8\xf0\
\x9b\xa8\x7e\x33\xf2\x37\xde\xc6\x02\xb0\x37\x22\x38\x05\x04\x3a\
\xee\xba\x17\x9e\xfb\x02\x30\xf6\x0e\xc6\xa6\x02\x60\x0d\xdc\x4e\
\xb8\xcf\x3b\xba\x4b\x9b\x02\x90\x79\xe0\xd9\x2f\x08\x7b\x03\x40\
\x99\xa6\xe6\x02\xfc\xc6\x36\x0e\x3b\xde\x71\x0b\xb9\x8f\x13\x1a\
\xde\x09\xc0\x31\x34\x16\x00\xe5\xfe\x20\xdc\xc6\x13\xc7\x1e\x95\
\xbf\x49\xc7\xfa\x38\xe3\x11\xff\x10\xf3\x85\xa8\x01\xae\x8f\xbc\
\xcf\x77\x99\x5c\xda\x2b\xf7\x05\x60\x9b\x20\x1c\x15\xf4\x98\xcb\
\xc9\x1d\xab\xfe\x6c\xfb\xb3\x00\x38\x62\xc2\xe2\x1d\x1d\x46\xdb\
\x04\x60\x53\x08\x4e\xa6\x4b\x45\x39\xde\xaa\x95\x48\x9e\x08\xcd\
\xc2\xe0\x77\xf4\x8e\x1e\xa4\xff\x0f\x49\xf4\x89\x7c\x55\x6d\x66\
\x38\x00\x00\x00\x00\x49\x45\x4e\x44\xae\x42\x60\x82\
\x00\x00\x0a\x8b\
\x89\
\x50\x4e\x47\x0d\x0a\x1a\x0a\x00\x00\x00\x0d\x49\x48\x44\x52\x00\
\x00\x00\x80\x00\x00\x00\x80\x08\x06\x00\x00\x00\xc3\x3e\x61\xcb\
\x00\x00\x00\x04\x73\x42\x49\x54\x08\x08\x08\x08\x7c\x08\x64\x88\
\x00\x00\x00\x09\x70\x48\x59\x73\x00\x00\x0b\x13\x00\x00\x0b\x13\
\x01\x00\x9a\x9c\x18\x00\x00\x0a\x2d\x49\x44\x41\x54\x78\x9c\xed\
\x9d\x5d\x4c\x1c\xd7\x15\xc7\xff\xf7\xee\x87\x17\x02\x4b\x48\x00\
\xd7\xe0\x34\xf5\x82\x31\x35\x60\x62\x4c\x54\xbb\xb1\xb5\x52\x71\
\x0b\x55\x2c\x1b\x13\x91\xf6\xa5\x8a\xa3\xc6\x0f\x55\xa5\x3e\xd8\
\xfd\x4c\x94\x08\xcb\x6a\xf3\x92\x3e\x34\x6f\x95\x9f\xda\x3e\x54\
\xb2\xe3\x5a\x08\xc7\x58\x4e\x40\x22\x38\x89\xed\x4a\x29\xc2\x6e\
\xdd\xc4\xd8\x38\xaa\x9b\x18\x63\x28\xb0\x0b\xce\xc2\x72\x6f\x1f\
\x60\x17\xd8\xdd\x99\x9d\xd9\x9d\xef\xb9\x3f\x69\xc5\x30\x33\x3b\
\xf7\xec\xbd\xff\x39\xe7\xdc\x7b\xe7\x03\x10\x08\x04\x02\x81\x40\
\x20\x10\x08\x04\xee\x82\xa8\xdd\x7f\xff\xfe\xfd\x75\x8c\xb1\x1a\
\x00\x25\x6a\x0b\xa3\x9c\x6f\x8e\x73\xfe\xb4\xda\xef\xb9\x09\x4a\
\xe9\x5d\x00\xff\xcd\xb4\x8d\x73\xbe\xc4\x18\xeb\x1b\x1c\x1c\x9c\
\xd6\xaa\x3c\x45\x02\xe8\xea\xea\xf2\x4c\x4e\x4e\x1e\x21\xc0\xaf\
\x01\xd4\x68\x55\xb8\x20\x37\x7c\x0b\x0b\x15\x17\x2f\x5f\x9e\xd0\
\xe2\x58\x59\x05\x10\x0e\x87\x1f\xf7\x12\x72\x1a\x94\x7e\x57\x8b\
\x02\x05\xf9\xc3\x81\x1b\xfe\x85\x85\xef\x68\x21\x02\x59\x01\x74\
\x75\x75\xf9\xa7\x26\x26\xde\x07\xa5\xfb\x00\x20\x5a\x1c\xc2\x17\
\x9b\xbf\x8f\x68\xb0\x1a\x4b\x9e\x80\xaa\x82\xfc\x5f\x4d\xa2\xe9\
\x93\xd7\x01\x00\xad\xad\xad\xe8\xec\xec\xcc\xd5\x66\xcd\xe0\x00\
\xc0\xf9\xea\xff\x9c\x27\xd7\xf1\x95\xf5\x89\xbf\x7f\x78\xfb\x6d\
\x8c\xdd\xb9\x93\x77\x99\xc7\x8e\x1d\x43\x59\x79\x79\xda\xfa\xde\
\xde\x5e\x7c\xfc\xd1\x47\x00\x80\xe1\x5d\xbf\xc5\xe2\x86\xd2\x75\
\xdb\x29\x5b\xc0\xce\x6b\xbf\x00\x65\x8b\x09\xdb\x35\x11\x81\x57\
\x6e\xe3\xe4\xe4\xe4\x6f\xc8\x4a\xe3\x7f\x1e\xfa\x01\x6e\xd7\x1d\
\x05\x57\x9d\x36\x2c\x13\x98\xbf\x9f\x5c\xde\x5a\x5b\x8b\xda\x6d\
\xdb\x72\x3a\x8e\x96\xf0\x94\x86\x4e\x36\x7e\xe2\xef\x9a\xe5\x40\
\x40\x9d\xe0\xa5\xd8\xfc\xd4\x53\xa8\xac\xaa\x4a\x5b\x1f\xaa\xae\
\x4e\x0a\x20\x5a\x52\x8d\x58\x20\x5d\x24\x83\xdf\xeb\x45\xe3\x27\
\xdd\x28\x7b\x70\x05\x04\x68\x58\xf0\xfb\x07\xda\xf7\xee\xcd\x4b\
\x04\x54\x6a\x43\x7b\x7b\x7b\x90\x33\xf6\x4b\x00\x98\x2c\x7f\x16\
\xa3\xdb\x72\x6f\x7c\x2b\x92\x6c\x5c\xac\x9e\xe5\x52\x8d\xcf\x33\
\x1e\xc1\x78\x18\xf5\xe1\x7a\x73\x37\x1e\x56\xec\x06\x00\x10\xa0\
\x21\xe6\xf3\xf5\xb7\xef\xdd\x9b\xae\x16\x85\x48\x0a\x20\x16\x8b\
\x3d\x4f\x29\x2d\x04\x96\xcf\x7e\x10\x67\x35\xfe\xca\x42\x66\x0f\
\x90\x41\x10\x56\x21\x55\x04\x94\x90\xc6\x7c\x44\x20\x29\x00\x42\
\x48\x63\x62\x79\xe6\x89\xfa\xe5\x6c\x21\xdf\x8f\x05\x58\xd7\xe0\
\x29\x71\x1e\x29\x5e\xc1\x34\x0f\x90\xa5\x1e\x99\xc7\x87\xeb\xbb\
\xb4\x11\x81\xb4\x00\x38\x2f\x07\x00\xe6\xd9\x00\x46\xfd\xea\x7f\
\x84\x05\x49\x3b\xdb\x33\xad\x93\xf0\x00\xd6\xf1\x01\xcb\x30\x9a\
\x59\x04\xe1\x70\xb8\x4c\xcd\x71\x24\x05\x80\x95\x73\xd6\x29\x71\
\x3f\xe3\xd9\x2e\x95\x00\x66\x5a\x67\xa1\x30\x90\x20\x93\x08\x28\
\xa5\x03\x6a\x44\x20\x27\x00\xc7\x90\xda\xf8\xaa\x13\x40\x0b\x36\
\x7e\x82\x84\x08\x26\x2b\xbe\x05\x40\xbd\x08\x94\x09\x40\x8b\xf8\
\x6f\xb2\x23\x91\x73\xf5\x19\xe3\xbd\xd9\xee\x5f\x45\xbd\x32\x8f\
\x0f\x23\x2d\x27\xd6\x89\xc0\x4b\x88\xa2\x70\xe0\x78\x0f\xa0\x3a\
\xd9\xb3\x99\x07\x48\xc0\xe8\x7a\x11\x80\xd2\x1d\x4a\x44\xe0\x68\
\x01\xe4\x9a\xec\xa5\x09\xc2\x50\xab\x73\x67\x59\x04\xdd\x69\x22\
\x68\x6d\x6d\x7d\x52\xea\x3b\x8e\x15\x40\x5e\xc9\x5e\xaa\x20\x6c\
\xe0\x01\x12\x30\xea\x4f\x13\x01\xe7\xfc\x57\x52\xfb\x3b\x32\x07\
\xc8\x27\xd9\xcb\xe4\x01\x0c\x27\xcf\x7a\x66\x1e\x3f\x46\x9e\xed\
\x5e\x3d\x1c\xe7\x41\xa9\xa2\x1c\xe7\x01\xf2\x4d\xf6\xb8\xcd\x3d\
\x40\x02\x46\xfd\x60\xd4\x97\x75\x3f\x47\x09\x40\xab\x64\x2f\x53\
\xe3\xdb\x4f\x02\xca\x90\x9d\x0d\x4c\xa2\x85\xfb\x36\x28\x04\xe4\
\x9b\xec\xa5\x7a\x80\xb5\xc7\x34\x0c\x03\x43\xa6\x63\x3c\x40\x2e\
\xdd\x3d\x29\x57\x9f\xd1\xfd\xdb\x30\x0c\x28\xc1\x11\x02\x50\xd2\
\xdd\x53\x9a\xec\xad\xf5\x00\x69\x82\x72\x20\xb6\x17\x80\xd2\xee\
\x5e\x5a\xbf\x5e\x81\x07\x58\x77\x7c\x87\x62\xeb\x1c\x20\xaf\xee\
\x9e\x54\xe3\x5b\xc1\x03\x88\x1c\x20\x3b\x79\x77\xf7\x52\xd6\x25\
\x8f\x69\x76\x02\x68\x30\xb6\x14\x80\xaa\xa9\x5d\xa9\xee\x9e\x8a\
\x04\xd0\xc9\x22\xb0\x5d\x08\x90\x4c\xf6\x90\x22\x88\xc4\x5f\x8d\
\x12\x40\x43\x25\x20\x42\x80\x0c\x52\x67\xbb\x1a\xf7\xaf\x32\x01\
\x74\xb2\x07\xb0\x95\x00\xb4\x9c\xda\x55\x9b\x00\x7a\xa8\x36\x55\
\xe5\xf1\x2a\x73\xba\x46\x61\x2d\x6b\x64\xd0\x72\x6a\x57\x2e\xd9\
\x93\x8a\xfd\x1d\x87\x0f\x63\x21\x16\x43\x3c\x1e\xcf\xf9\x37\x6c\
\xaf\xaf\x47\x45\x45\x45\xce\xdf\xd7\x03\x5b\xe4\x00\x7a\x4c\xed\
\xca\x79\x80\x75\x65\xae\xd0\xd4\xd4\x84\xa6\xa6\xa6\xdc\x7f\x84\
\x1a\x44\x0e\xb0\x8a\x19\xc9\x9e\x93\x63\x7e\x2a\x96\x16\x80\xaa\
\xee\xde\xda\xe5\x3c\x92\x3d\x37\x35\x3e\x60\x61\x01\xa4\x9d\x99\
\x39\x78\x00\x40\x7d\xb2\xe7\x36\x8c\xcb\x01\x72\x40\xeb\xee\xde\
\xba\x63\x22\xb3\xc8\x4c\x63\x6d\xd9\x4e\xcc\x01\x96\x7c\x85\xc9\
\xe5\x68\x34\x2a\xbb\xaf\x51\xdd\x3d\xa4\xae\x33\x91\x68\x24\x92\
\x5c\x5e\xf2\x3d\x66\x58\xb9\x86\x09\x60\xd1\x1f\x44\xe4\xf1\xe5\
\x87\x8b\xbc\x77\xe9\x12\x66\x67\x67\x33\xee\x67\x76\x77\xcf\x0c\
\x22\xb3\xb3\x18\x1a\x1a\x02\x00\xcc\x96\xd6\x21\xee\x2d\xcc\xf2\
\x0d\xed\x30\x34\x04\xdc\xa9\x7f\x19\x4d\x1f\xbe\x86\xf1\xf1\x71\
\x1c\x7d\xe5\x15\xec\xdb\xb7\x0f\x45\x45\x45\xc9\xed\x6b\x1b\x62\
\xdd\xf2\xf2\x8a\xac\xdb\xd2\x96\xe5\xb6\xa5\xee\x67\x12\xf3\x73\
\x73\xb8\x72\xe5\x0a\x66\x66\x66\x00\x00\xb7\xeb\x5f\x36\x34\xe4\
\x1a\x3a\x10\xf4\xf0\x6b\xbb\x31\xda\x70\x14\x35\x37\x4e\x61\x6a\
\x6a\x0a\x3d\x3d\x3d\x46\x16\x6f\x79\x6e\xed\xf8\x09\xa6\x36\xb6\
\x18\x5a\xa6\xe1\x23\x81\x9f\x6f\xfb\x21\x22\xa5\xb5\xd8\x72\xf3\
\xcf\x28\x99\xfc\x27\x08\x67\x46\x9b\x60\x29\x38\xa1\x98\x2e\x6b\
\xc4\x58\xdd\x8f\xf0\xbf\x8a\x9d\x86\x97\x6f\xca\x50\xf0\x54\x45\
\x33\xa6\x2a\x9a\x41\x58\x3c\xf9\xcc\x1b\xb7\xc2\x3c\x7e\x70\xe2\
\x31\xad\x7c\x53\xbb\x81\xdc\xe3\xc5\x92\xc7\x36\xd3\x11\x8e\xc4\
\xb2\x03\x41\x02\x63\x10\x02\x70\x39\x42\x00\x2e\x27\x7b\x00\xb6\
\xc0\xc3\x1d\x04\xfa\x21\x3c\x80\xcb\x11\x02\x70\x39\x96\x9e\x0d\
\x14\xe8\x8f\xf0\x00\x2e\x47\x08\xc0\xe5\x08\x01\xb8\x1c\x91\x03\
\xb8\x1c\xe1\x01\x5c\x8e\x10\x80\xcb\x11\x02\x70\x39\x22\x07\x70\
\x39\xba\x4d\xc6\x17\x46\xee\xa1\x60\xee\x4b\xbd\x0e\xef\x2a\x1e\
\x15\x55\x62\xbe\x28\xfd\x3d\x43\x5a\xa0\x8b\x00\x0a\xa2\x5f\x60\
\x77\xdf\x8f\x41\x58\xee\x37\x52\x0a\x56\x61\xd4\x8b\x8f\x0f\xfc\
\x05\x5f\x15\x6a\x7f\x63\xa9\x2e\x8f\x8a\x0d\x3c\x9a\x10\x8d\xaf\
\x21\x94\xc5\x51\xf2\xf0\x86\x2e\x8f\xe6\xd5\xfd\x7a\xac\x43\x87\
\x0e\xe1\xdb\xcf\x3d\xa7\x77\x31\x8e\x64\xe8\x83\x0f\x70\xfe\xfc\
\x79\x00\x40\xec\x31\x7d\x6e\x2b\xd7\x5d\x00\x3b\x9b\x9b\xd1\xdc\
\xdc\xac\x77\x31\x8e\x24\x1a\x8d\x26\x05\xa0\x17\xa2\x1b\xe8\x72\
\xf4\xe9\x06\x8a\x6e\xa3\x3e\xe8\x50\xaf\xc2\x03\xb8\x1c\x21\x00\
\x97\x63\x48\x08\x30\xfb\xee\x5b\x47\xa0\xd3\xc5\xb9\xc2\x03\xb8\
\x1c\xdd\xbb\x81\xd9\x9e\xbb\x73\xf3\xe6\x4d\xdc\xbe\x7d\x5b\x6f\
\x33\x2c\x49\x4d\x4d\x0d\xea\xea\xea\x24\xb7\x1b\xe1\x39\x4d\xbd\
\x31\xef\xf2\xd0\x10\x4e\x9e\x3c\x69\xa6\x09\xa6\xd3\x7d\xe2\x04\
\xf6\xec\xd9\x63\x5a\xf9\xfa\xbc\x35\x4c\x21\x57\xaf\x5e\x55\x63\
\xab\x23\x51\x5c\x07\x3a\xbd\xa5\x4d\xf7\x1c\x20\x11\x02\x32\x7d\
\x76\xb5\x18\xfb\x30\x04\x2b\xd2\xd2\xd2\x22\x5b\x47\x7a\x63\x6a\
\x08\x08\x87\xc3\x78\xa2\xb4\x14\xa3\x2e\xcd\x01\x6a\x6b\x6b\x51\
\x5f\x5f\x6f\xaa\x0d\x86\x08\x40\x4e\xc9\x0d\x8d\x8d\x68\x68\x6c\
\x34\xc2\x0c\x4b\x62\x76\x17\x59\x0c\x05\xdb\x05\x9d\xc6\x01\xf4\
\xef\x06\xc2\xfc\x27\x71\xd9\x15\x23\xea\x4d\xff\x10\xb0\xe6\xa1\
\x8c\x02\x95\x58\x26\x09\x14\x21\xc0\x1a\xd8\x32\x04\x64\xe9\xce\
\xcc\xcf\xcf\x63\xe2\xc1\x03\xbd\xcd\xb0\x24\x15\x1b\x37\xa2\xa0\
\xa0\x40\x72\xbb\xe3\xbb\x81\xb7\x6e\xdd\xc2\x6b\xaf\xbe\x8a\xb9\
\xb9\x39\x33\xcd\x30\x8d\xe2\xe2\x62\xfc\xee\xcd\x37\x11\x0a\x85\
\x4c\xb3\xc1\x90\xc9\x20\x2e\xf1\xe9\xbb\x70\xc1\xb5\x8d\x0f\x00\
\x91\x48\x04\x7d\x7d\x7d\x92\xf5\x63\x04\xc6\xe4\x00\x12\xae\x6c\
\x53\x65\xa5\xca\x03\x3b\x8f\xaa\xaa\x2a\x65\xc9\x9e\x5d\xbb\x81\
\x72\x74\x74\x74\x80\x31\x86\xd1\xd1\x51\x33\xcd\x30\x8d\xda\xad\
\x5b\x71\xe0\xc0\x01\x53\x6d\x30\x75\x1c\xc0\xe3\xf5\xa2\xeb\xc5\
\x17\xf5\x36\xc1\xf2\x48\xd5\x8f\x18\x07\x70\x3b\x96\xe9\x05\xe4\
\xf3\xca\x37\x88\x91\xc0\x5c\x59\x57\x6f\xb6\xcd\x01\x84\x07\xc8\
\x1d\xcb\x78\x80\x3c\x10\x1e\xc0\xda\x88\xa1\x60\xbb\xe0\xc4\x10\
\x30\x3d\x3d\x8d\xdf\xbf\xf5\x16\xc6\xc6\xc6\x74\x37\xc3\x8a\x54\
\x57\x57\xe3\xf8\xf1\xe3\x08\x96\x94\x98\x66\x83\x31\x17\x84\x48\
\xac\x3f\x7b\xf6\x2c\x46\x46\x46\x8c\x30\xc1\x92\x0c\x0f\x0f\xe3\
\x6f\xe7\xce\xe1\xa5\x23\x47\x32\x6e\x77\x46\x37\x10\x90\xf4\x00\
\x22\x52\x00\x84\x10\xe9\x64\xcf\x32\x49\x60\x1e\x39\x80\x5c\x12\
\xd8\xf9\xc2\x0b\xf8\xcf\xbd\x7b\xb8\xe3\xd2\x6b\x02\xab\x6b\x6a\
\xd0\x71\xf8\xb0\xf2\x81\x20\x1d\x72\x31\x53\x87\x82\x83\x25\x25\
\x78\xfd\x8d\x37\xcc\x34\xc1\xf5\x98\x7e\x3d\x80\x40\x06\x03\xea\
\x4d\xdc\x1b\xe8\x72\xf4\x1f\x07\x10\x23\x81\xda\x60\xdb\x71\x00\
\x88\x91\xc0\x5c\x31\xa2\xde\x44\x08\x70\x39\xc6\xcc\x06\x4a\x84\
\x80\x78\x3c\x8e\xb3\xef\xbc\x83\xbb\x77\xef\xe6\x5e\x80\x8d\x09\
\x85\x42\x38\xdc\xd9\x09\xaf\x37\x73\x33\xac\xab\x37\x3b\x87\x00\
\x29\x7a\x7b\x7a\x70\xe6\xf4\x69\x33\x4d\x30\x95\xbf\x5f\xbb\x86\
\x0d\x81\x00\x0e\x1e\x3c\x68\x9a\x0d\xa6\xce\x05\x8c\xbb\xf4\x72\
\xf0\xb5\x8c\xdf\xbf\x6f\xea\x48\xa0\xfe\xb7\x87\xcb\x7c\xda\xda\
\xda\x50\x54\x54\xa4\xb7\x09\x96\x25\x18\x0c\xa2\xad\xad\xcd\x05\
\x57\x05\x4b\xf0\x8d\x2d\x5b\xf0\xc7\x53\xa7\xf0\x70\x62\x42\x65\
\x01\xce\xa0\xac\xbc\x1c\x7e\xbf\x5f\xd9\xce\xb6\xcd\x01\xb2\x8c\
\x04\xfa\x7c\x3e\x57\x5f\x1e\x2e\x57\x37\xa2\x1b\x28\xd0\x1d\x63\
\x66\x03\xc5\x48\x60\x4e\xa4\xd5\x9b\x78\x4e\xa0\x40\x6b\x84\x00\
\x5c\x8e\x5c\x08\x88\x03\x58\x7e\xf3\x07\xe7\x00\xc9\xcd\xff\x88\
\xe9\xe0\x3c\xc8\xa3\xde\x08\x38\xc8\x52\x3c\x71\x9c\x45\xa9\xfd\
\x24\x3d\x00\x27\x64\x0c\x58\x7e\x5d\x49\x60\x6e\x5c\xb7\x67\x05\
\x0a\x14\xa2\xb2\xfe\x0b\x66\xee\x81\xac\xf4\x23\x38\xa5\x92\x97\
\x5c\xc9\x85\x80\xbe\xc4\xc2\xa6\xcf\xde\xcb\xd3\x7a\x81\xd1\x6c\
\xfa\xec\x52\x72\xd9\xbb\xb4\x74\x51\x6a\x3f\x49\x01\x0c\x0c\x0c\
\x8c\x70\xa0\x1f\x00\x9e\x1e\xfe\x2b\x8a\x1f\xba\xf3\x0e\x5e\x3b\
\x12\x9c\xf8\x14\x5f\x1f\x39\x93\xf8\xf7\xc2\xa5\xc1\xc1\x7f\x4b\
\xed\x2b\x9b\x04\x72\xce\x7f\xca\x18\x9b\xf3\xc4\x63\x68\xee\x3d\
\x86\x4d\x9f\x5e\x04\x15\x6f\x03\xb3\x2c\x94\xc5\x51\x75\xf3\x5d\
\x34\x9f\xff\x39\xe8\xd2\x22\x00\x44\x18\xe7\x3f\x93\xfb\x4e\xd6\
\x68\xdd\xda\xda\xda\x0e\xce\xcf\x01\x08\x00\x40\xdc\x57\x88\xe8\
\x93\x21\x30\x5f\x00\x5c\xe2\xeb\xbe\x58\x04\xc1\x07\xab\xa2\xdb\
\xf1\xcc\x33\x2a\x7e\x86\x20\xc1\xc8\xf0\x70\x72\x79\x76\xe3\x37\
\xb1\xe8\xcf\x3c\x6f\x42\xc0\xe1\x59\x7c\x84\xa2\xa9\x31\x78\x16\
\xe6\x13\xab\x1f\x81\x90\x83\xfd\xfd\xfd\xef\xcb\x95\xa1\x28\x5d\
\xdb\x1f\x0e\xb7\x70\x42\xfe\x04\x4a\xb7\x2b\x33\x5d\x60\x26\x8c\
\xf3\xeb\x94\xd2\x97\xfa\xfb\xfb\xff\x91\x6d\x5f\xc5\xf9\x7a\x38\
\x1c\xf6\x7a\x3c\x9e\x0e\xce\x79\x07\x80\xed\x94\x90\x42\x49\x03\
\x18\x23\x94\xd2\x4a\xce\xb9\xc2\x99\x0e\x81\x1c\x84\x90\x18\x63\
\xec\x4b\x4a\xa9\x74\xbf\x90\xb1\x39\x10\xf2\x2f\x02\x9c\x2b\x2d\
\x2b\xeb\x39\x73\xe6\xcc\x92\x81\x26\x0a\x04\x02\x81\x40\x20\x10\
\x08\x04\x02\xdb\xf0\x7f\x9b\xdd\xc9\x23\x79\x9d\x68\xbc\x00\x00\
\x00\x00\x49\x45\x4e\x44\xae\x42\x60\x82\
\x00\x00\x0e\x0d\
\x89\
\x50\x4e\x47\x0d\x0a\x1a\x0a\x00\x00\x00\x0d\x49\x48\x44\x52\x00\
\x00\x00\x80\x00\x00\x00\x80\x08\x06\x00\x00\x00\xc3\x3e\x61\xcb\
\x00\x00\x00\x04\x73\x42\x49\x54\x08\x08\x08\x08\x7c\x08\x64\x88\
\x00\x00\x00\x09\x70\x48\x59\x73\x00\x00\x0b\x13\x00\x00\x0b\x13\
\x01\x00\x9a\x9c\x18\x00\x00\x0d\xaf\x49\x44\x41\x54\x78\x9c\xed\
\x9d\x7b\x70\x54\xd5\x1d\xc7\xbf\xe7\xde\x24\x24\x81\x64\xf3\xda\
\x24\x4b\x52\xc8\x86\x84\xf0\xf2\x81\xa0\xf2\x18\x85\x01\x1d\x41\
\xa8\x0e\x4a\x4a\x45\xda\x68\xd5\x56\x9d\x61\x2c\xa5\xd6\xce\x58\
\x0b\xda\xda\x4e\xa9\x58\xdb\xce\x54\x6b\xa7\x56\xa4\x8e\x6d\x7d\
\xa0\xb5\x14\x01\xff\x28\x3a\x3e\x5a\x1f\xa0\x0c\xc5\xf2\x54\x18\
\xc0\x0d\x49\x20\xe4\xbd\xd9\x7b\x7e\xfd\x63\xb3\xbb\x77\x37\x77\
\x37\x7b\x37\x7b\xf7\x9e\x7b\xf7\x7e\x98\x13\x6e\x6e\xee\xde\xfb\
\xbb\xe7\x7c\xf7\x77\x7e\xe7\x77\xce\xde\x65\xb0\x28\xcd\xcd\xcd\
\x32\x2f\x98\x70\x33\x31\x5a\x0d\xc6\xae\xe0\x1c\x15\x92\xc4\xbb\
\x41\xd2\x01\x00\xaf\x2a\x08\xfc\xf1\xb5\x2d\xbf\x3e\x6f\xb6\x9d\
\xa2\xc3\xcc\x36\x20\x15\x56\xde\xbe\x7e\x1a\x27\x7a\x1e\x60\x97\
\xc6\x3f\x8a\xda\x09\xb8\x67\xdb\xb3\x8f\xbf\x98\x39\xcb\xac\x87\
\x6c\xb6\x01\x7a\x59\x71\xdb\xfd\x97\x01\xb4\x07\x60\x75\x89\x8f\
\x64\x85\x0c\xac\x79\xea\xa5\xf3\xda\x0f\xee\x7b\xef\x3f\x19\x30\
\xcd\x92\x58\xca\x03\xdc\xd8\x72\x5f\x89\x0c\x69\x3f\x98\x54\xab\
\xe3\x65\x04\x8e\x85\xaf\x3c\xb7\xf9\x2d\xc3\x0c\xb3\x30\x92\xd9\
\x06\xe8\x41\x86\xfc\xc3\xd8\xc6\x27\xc2\x0b\x4c\xa1\xcb\x8a\x68\
\x5c\x01\x24\xd4\x01\x78\x88\x83\xfb\x55\x87\x30\x00\xbf\x81\xc5\
\xc4\x9e\x29\x2c\x53\x29\x0b\x36\x6c\xc8\x29\x3d\xde\xed\x93\x24\
\x94\x85\xf6\x11\xe1\xf1\x6d\x5b\x36\x7f\x1f\x00\xa9\x8f\x5d\xd1\
\xb2\x6e\x09\x63\xd2\x0e\xf5\x3e\xae\xb0\x79\xaf\x6e\x7d\xec\xbd\
\x0c\x99\x6b\x19\x2c\xe3\x01\xca\xbe\xe8\xbd\x58\xdd\xf8\x20\xb4\
\x15\x63\xdc\x83\x88\x69\x7c\x00\xd8\xb6\xe5\x57\x6f\x80\xf3\x57\
\xd4\xfb\x24\x99\x16\x1b\x6f\xa5\xf5\xb0\x8c\x00\x08\xbc\x2e\x66\
\xcf\x3b\x5b\xb6\x3c\xdc\x1f\xf7\x05\x32\x7b\x33\xea\x68\x0e\xaf\
\x11\x76\x59\x1d\xcb\x08\x20\x16\x62\x6c\xd8\x3b\x5f\x0d\xe7\x89\
\xff\xee\x10\xc4\x32\x02\x20\x42\x47\xd4\xef\x1c\xf3\x97\xac\x5d\
\x3b\x26\xde\xf1\x12\x78\x94\xcb\x97\x64\x38\x49\x21\x0d\x44\x0e\
\x02\xd9\xca\xdb\xd7\x4f\xe5\x9c\x96\x73\x46\xcb\x88\x49\xf3\x65\
\x8a\xce\x5b\x10\xb0\x69\xdb\xb3\x9b\x1f\x88\x7d\xe1\x8a\xdb\xbe\
\x77\x2d\x03\xdb\x89\xe1\xf7\x77\x10\x84\xed\x0c\xd8\x5e\x3e\xa6\
\xeb\x9d\xa7\x9f\x7e\x7a\xd0\xc8\x1b\xb0\x02\x42\x09\xa0\xa5\x65\
\x43\xfe\x05\x5c\x58\xc8\x98\xb4\x1c\xc0\x32\x00\x75\x23\xbd\x86\
\x83\x6f\x95\x39\xfd\x62\x86\xd7\x75\xf0\xd3\x23\x9d\x55\x2c\x47\
\x6a\x01\xb1\x8d\x90\x10\xd7\x3b\x00\x00\xe7\xbc\x93\x49\x6c\x27\
\x38\x6d\x97\xe5\xc0\x8e\x97\xfe\xf4\xdb\xb3\x69\xba\x0d\x4b\x61\
\xba\x00\x56\x7e\x73\x5d\x0d\x67\xd2\x32\x22\x5a\xce\x80\xc5\x90\
\x58\x61\xec\x31\x8c\x31\x94\x97\x95\xa1\xaa\xaa\x02\x07\x3f\x3b\
\x0c\xce\xb9\xae\x6b\x34\x35\x4e\x42\x4f\x4f\x2f\xbe\x6c\x3d\x8b\
\x40\x20\xa0\x75\x08\x01\xf8\x37\x80\xed\x4c\xa1\xed\x2f\x6f\x7d\
\x7c\x1f\x34\x46\x17\x76\x64\x44\x01\x10\xc0\x9e\x5a\x53\xf7\x0d\
\x70\xba\x96\x98\x94\x9b\x6e\x03\xde\xcc\xbd\x69\x95\xd6\xfe\xbc\
\xbc\x31\xa8\x74\x57\xa0\xba\xda\x8d\x2a\xb7\x1b\xb9\xb9\xc1\x4b\
\xfb\xce\xb6\xe1\xbd\xf7\x93\xcf\xec\x7a\xeb\xea\x70\xc9\x45\xd3\
\x00\x00\x9c\x13\xda\x3b\x3a\xe0\xf3\xb5\xe2\x4b\x5f\x2b\x7a\x7a\
\x7b\x41\x34\xbc\x9d\xa7\x28\x1f\xbd\x5d\xcb\xbf\x38\x9d\xca\xfd\
\x24\x42\x22\x3a\xc8\x06\xa5\x27\xbe\xf3\xe2\xb1\xce\x74\x9f\x3b\
\x55\x46\x14\xc0\x93\xab\xbd\x8f\x30\x86\x87\x8c\xb8\x38\x01\xd8\
\x9d\x7b\x53\xf8\xf7\xe2\xe2\x22\x54\xb8\x2b\xe0\x2e\xaf\x40\x71\
\x71\x11\x18\xd3\x36\xaf\xbd\xbd\x03\x7b\xf7\x7d\x32\xa2\x27\xf0\
\x4e\x9c\x88\xc6\xc9\x0d\x71\xff\xde\xdb\xdb\x87\xb6\xb6\x36\xb4\
\xb5\xb7\xa3\xe3\xdc\x39\x70\x25\x78\xbe\x99\xca\xbb\x70\xf3\x2f\
\xf5\xdf\x50\x12\x70\xe2\x1f\xfa\x4e\xd5\xcd\x7d\x78\xcf\x1e\x4d\
\x57\x94\x69\x72\x12\xfd\x91\x00\xf6\x24\xf1\xef\x32\x66\xfc\x60\
\xc1\xed\xae\x40\x53\xd3\x94\xf0\xef\x7d\xfd\xfe\xb8\xc7\x16\x14\
\x8e\xc5\x9c\x79\x73\x70\xfc\xe8\x71\xb4\xb5\xb7\x23\xe0\x1f\x04\
\x81\x00\x30\xc8\xb2\x04\x57\xb1\x0b\xf5\x93\xea\x91\x9f\x9f\x8f\
\xde\xbe\x81\xf8\x17\x65\x12\x2a\xdc\x95\xa8\x70\x57\xa2\xb5\xb5\
\x15\x87\x0e\x1d\x4a\xe3\x1d\x69\x23\x31\x69\xb6\xa7\xe6\x8b\x79\
\x00\x84\x98\x9b\x48\x28\x80\x8d\x0b\x16\xc8\x1e\xe9\x44\x11\x00\
\x4c\xbe\xe4\x62\x34\xce\x9a\x05\x00\x18\xec\xef\x05\x0f\x8c\x3e\
\x80\x26\x02\x76\xbf\x1a\xdc\x0e\x28\x84\xde\xfe\x04\x8d\xa5\x81\
\xa7\xa6\x16\x9e\x1a\xed\x79\x21\x0e\xe8\x3a\x9f\x7f\x30\x72\x3f\
\xb5\x0d\x93\xe0\x2d\xf6\x80\x31\x86\x1a\x6f\x9d\x2e\x9b\xd4\x10\
\x27\x1c\xde\xb7\x1f\x00\x20\xe7\xca\x38\x7e\xf0\x7f\x41\xdb\x18\
\x4a\x52\x3e\x69\x9a\x49\x28\x80\xe9\x95\x7b\xa8\x63\x28\x81\xc6\
\x24\x06\x69\xa8\xc7\x60\x8c\x21\x8e\x77\xd6\x87\xea\x1c\x8a\xa2\
\x24\x7e\xb7\x1a\xcc\x80\x3f\xe2\x91\x19\x22\xa6\x8d\xea\x3e\x25\
\x20\x1c\x4b\xaa\x42\x0d\x99\x48\x98\xe1\x67\x42\x01\x34\xbf\x08\
\xfe\xfb\x5b\x83\xdb\x8a\x12\x00\xe7\xc1\x4a\x0a\xf8\xfb\xa1\x0c\
\xc6\x77\xd1\xc9\x12\xac\x93\x7c\x00\x80\xab\x68\x2c\x1a\x26\x56\
\x8f\xfa\x9c\xa9\x72\x3a\x8f\xe1\xcc\xa9\x93\x00\x00\xae\x28\x50\
\x02\x83\x00\x63\x18\x1c\x88\x9f\x6d\x1e\x09\x22\x82\xa2\x84\x84\
\x15\x51\x00\x31\xa6\x8c\xc6\xd6\x74\x92\x50\x00\x0c\xa0\xa7\x86\
\xb6\xfb\x7b\x7a\xe0\xef\xeb\x06\x00\xf4\x9c\x6f\x0d\x6f\x8f\x86\
\x60\x95\x04\x83\xb4\x06\xef\x57\xf0\xb5\x65\x57\x8f\xfa\x9c\xa9\
\xf2\xd1\xa7\x87\xf0\xf1\xde\x4f\x00\x00\x03\xfd\xdd\xe8\x63\xe7\
\xc0\x18\xc3\x85\xb6\xd4\x5d\x00\x11\x61\xb0\x3f\x58\x4f\xfd\x4a\
\x44\x00\x8c\x98\xbe\x71\xac\x81\x24\x14\x40\x26\x19\x0c\x28\xe8\
\xea\xe9\x33\xed\xfa\xfd\x03\xa3\xf7\x68\x56\xc4\x5c\x01\xa8\xfa\
\xc5\x40\x20\x80\xae\x9e\x5e\xd3\x4c\xe9\x53\x0b\x20\x2b\x52\x40\
\x41\xc4\xf2\x00\xdd\x8e\x07\xc8\x34\x62\x09\xc0\xc4\x2e\xa0\xcf\
\x11\x80\xb9\x04\xcc\xf6\x00\x09\x12\x4f\x76\xc6\x54\x01\x90\x6a\
\x90\x3d\x68\x72\x0c\xa0\xee\x02\xc8\xf4\x29\xb2\xcc\x21\x8c\x07\
\xb8\x70\xa1\x0b\x27\x4e\xb5\x9a\x76\xfd\xf3\x9d\xd9\xb9\x5e\x44\
\x18\x01\xf8\x7c\x3e\xf8\x7c\x3e\xb3\xcd\xc8\x3a\x2c\xb3\x24\xcc\
\xc1\x18\x4c\xf5\x00\x0c\x84\x1b\x1a\x7c\xe8\xef\x1b\xd0\xbd\xc8\
\xc3\x48\x3c\x05\x7e\xe4\xe5\xe4\x42\x4a\xcb\x84\x87\xd8\x98\x2c\
\x00\x60\x5a\x79\x97\x99\x26\xc4\x21\x1f\xa1\x39\x0a\xbb\xe3\x74\
\x01\x59\x8e\x23\x80\x2c\xc7\x11\x40\x96\xe3\x08\x20\xcb\x71\x04\
\x90\xe5\x38\x02\xc8\x72\x84\xc9\x04\x8e\x96\xb3\x18\x8f\xc3\x52\
\x82\x47\x06\x99\x01\x01\xbd\x9e\xe0\x04\x17\x11\xc1\x5f\xee\x0f\
\xed\x7e\xf0\xfa\xbb\xba\xef\x8c\x3d\xfc\xbc\xef\xe4\xa1\x77\xff\
\xfe\xec\x06\x64\x70\x45\x42\xd2\x02\x20\x44\xac\x22\x22\xcd\x0f\
\x54\x98\x49\x37\x2b\xc6\x09\x4c\x36\xdb\x8c\x68\x18\x80\x71\xaa\
\xdf\x8b\xc2\x5b\x0b\xa7\xb8\xb5\x5f\x32\xb6\xa4\xb2\x66\xf7\x73\
\x9b\xee\x42\x70\x61\xb3\xe1\x38\x5d\x80\x60\x5c\x34\x7f\xe9\xb7\
\xae\x6b\x79\xe0\x19\x64\xa8\x6d\x92\xef\x02\xa2\x5c\x00\x84\x5e\
\x36\xf5\xd0\xad\x73\x51\x32\x36\xf8\xd9\x50\x2e\x98\xa7\x8a\xc7\
\xfe\xe3\x67\xf1\xfa\xfb\x47\x71\xae\x7b\x00\xd3\xe7\x2d\x69\x91\
\x64\x59\xde\xf1\xcc\xcf\x6e\x03\x60\xe8\x0a\x62\x5b\x7a\x00\x16\
\xb5\x6d\x8d\x7f\xa5\xe3\x0a\xd0\x58\x53\x86\xd2\xa2\x60\x0a\x7a\
\xea\x95\xd7\xae\x59\x7a\xc7\x8f\xb6\xc2\xe0\x47\xf9\xa5\x14\x04\
\x8a\x18\x03\xc0\xe2\x0f\x04\x61\x2c\x58\x1a\xc7\x97\xe2\xf0\xe9\
\x73\x38\xd7\xd5\x8f\xa9\x57\x2c\xbe\x85\x49\x4c\xfa\xe7\x1f\x7e\
\xb2\x06\x80\x21\x9f\x25\xb4\xa5\x07\x50\x43\x16\x29\x8c\x31\xe4\
\xe6\x48\x61\x11\x94\x0d\x79\x82\x29\xb3\x17\xad\x5a\xfe\xed\x8d\
\x2f\xc0\xa0\x11\x9b\xfd\x05\x30\xe4\xad\x44\x2f\x12\x03\x72\x65\
\x39\x2c\x82\x86\xf1\xa5\x28\x2f\x0e\x8a\x60\xf2\xac\x05\x2b\xbf\
\x7a\xf7\x23\x7f\x03\x90\xf6\x8f\xe7\xeb\x10\x80\xf9\x95\x94\xb8\
\xa4\xbb\x6a\x32\x4b\xc8\x03\xa8\x45\x30\xc9\x53\x8a\xf2\xe2\x02\
\x00\x40\xe3\xcc\xab\x56\xdc\x78\xef\x4f\x5f\x02\x90\x97\xce\xeb\
\xda\xdf\x03\x58\xa4\x30\x69\x48\x00\xc3\x44\x50\x82\x8a\x21\x11\
\x4c\xba\x64\xfe\x0d\x37\xde\xfb\xe8\xcb\x40\xe2\xc7\xdf\xe8\x21\
\x75\x01\x98\x5d\x63\x5a\xc5\x2a\x76\x6a\x14\x09\x0c\xb9\xb2\xa4\
\x29\x82\x7a\x4f\x09\x2a\x5c\x21\x11\xcc\x5b\xbe\x62\xed\xcf\xb7\
\x21\x4d\x22\xb0\xa5\x07\xa0\x98\x6d\x2b\x14\xc6\x80\xdc\x1c\x39\
\xbe\x08\xaa\x4b\x50\xe1\x0a\x3e\x3e\xc9\x3b\x63\xce\xd2\x15\x6b\
\x37\xbd\x86\x34\x2c\x5b\x4a\x5a\x00\x14\xfa\x41\x10\xa0\xbf\x1f\
\x5e\xe2\xb9\x00\xb3\x1b\x36\xd9\x22\x49\x21\x0f\x90\x48\x04\x2e\
\xb8\x4b\x42\x22\xb8\xfc\xba\x95\xf7\x3d\xf6\x3a\x80\x82\x64\xdb\
\x50\x0b\x5b\x7a\x80\x28\xcc\x6e\xd9\x24\x0b\x03\x43\x5e\x8e\x34\
\xa2\x08\xbc\x55\x2e\x54\x0e\x89\x60\xc2\xb4\x59\xd7\xdc\xbc\x6e\
\xf3\x3f\x00\x0c\x7b\xb2\x5a\xb2\xd8\x4b\x00\x44\x43\x45\xb5\xcb\
\x22\xff\x18\x03\x72\x72\xe4\xa4\x44\x50\x57\xe5\x42\x55\x49\x21\
\x40\x84\x89\x4d\x33\x17\x35\xaf\xdb\xbc\x1d\xc0\xd8\x54\xaa\x4c\
\x97\x00\xc2\x82\x25\x41\x0b\xa2\xda\x3e\xc6\x68\xb1\x8b\xc4\x18\
\xf2\x64\x29\x69\x11\x4c\xac\x72\xa1\xaa\x74\x2c\x08\x40\x6d\xd3\
\xcc\x85\xcd\xeb\x9f\xd8\x81\xe8\xb9\xc7\xa4\xd0\xe9\x01\xd4\x55\
\x2c\x40\xad\xa9\x0b\xf1\xb0\x12\xd4\x22\x10\xc0\xb2\xa4\x4a\x68\
\x18\xa8\x57\x04\x9e\xd2\xb1\x00\x11\x6a\x1b\x2e\xba\x6a\xd5\xfa\
\x27\xde\x00\xca\x23\x93\xce\x49\x90\xbc\x00\x04\xaf\xd5\xa0\x07\
\x08\xfe\x8b\x35\xdb\x0a\x25\x9c\x08\xd2\x29\x82\x09\x55\x2e\x78\
\xca\xc7\x81\x40\xf0\x34\xcc\x98\xbf\xea\xfe\x1f\xef\x04\xca\x8a\
\x47\x6a\xce\x10\x29\xc7\x00\x66\x57\x98\x56\x89\x6c\x08\x6e\xa8\
\x46\x91\x10\x49\x05\xeb\x16\x41\xa5\x0b\xe3\xcb\x8b\x00\x02\x3c\
\xde\xe9\x73\x57\xfd\x60\xe3\x2e\x94\x96\xba\x92\x69\x47\x7d\x02\
\x08\x1b\x4c\xe2\x15\xa8\x87\x84\x1a\x26\x0b\x5e\xc2\x99\xc0\x51\
\x8a\x80\x88\x50\x3d\x71\xea\x95\x5f\xbf\xf3\x91\xdd\x70\xb9\x46\
\x7c\x1e\xa1\xbd\x46\x01\xd1\xfe\xc0\x52\x48\x6c\x78\x2a\x38\x95\
\xee\xa0\xd6\x5d\x0c\x80\x50\x55\xd7\x74\xf9\xaa\xbb\x1f\xdd\x3d\
\xd2\x75\x6d\xb3\x28\x14\x21\x47\x80\xc8\xff\xb1\xdb\x22\x13\xe0\
\x1c\x47\x4e\x9d\x47\x20\xa0\x80\x73\x80\x13\x07\x27\x82\xc2\x09\
\x9c\x03\x0a\xe7\xe0\x9c\xa0\x10\x81\xf3\xa1\x32\xb4\x4d\x43\x5d\
\x88\x42\x40\x6d\x45\x31\x7a\xfa\xfd\xe8\xb8\xd0\x87\xca\xf1\x0d\
\x33\x47\xba\xae\xae\x45\xa1\xea\x6d\xe1\x2a\x36\x8e\x51\xb1\x41\
\xa1\xb0\x30\x06\x57\x51\x3e\x76\x7e\x70\x0c\x47\x4f\x8f\xee\x61\
\x15\x9e\xd2\x02\x74\x74\xf6\x26\xd5\x48\xba\xa6\x83\x45\x2e\xa1\
\xf8\xdf\x22\xcd\xad\x89\xdb\x55\x88\x35\xd7\xcc\xc0\xea\x45\xd3\
\xc2\x79\xff\x54\xd0\xd3\x11\xda\x67\x51\x68\x38\x18\x1c\xbe\xdb\
\x6a\x34\xd4\x94\xc1\xeb\x29\xc5\x07\x9f\x9d\xc6\x5b\xfb\x4f\xa2\
\xdf\xaf\x73\x35\x58\x54\x70\x9c\x18\x5d\x31\x80\xd0\xed\x0f\x0b\
\xb9\xfb\x24\x90\x25\x86\x39\xd3\x6a\x70\xf1\xa4\x4a\xfc\xeb\x93\
\x93\xf8\xf8\xd0\x19\x5d\x2b\x9c\xb5\x72\x22\x5a\xa4\x16\x04\x26\
\xa9\xae\x8c\x12\x33\x07\xa0\xde\x6d\x65\x0a\xf2\x72\xb1\xf4\xf2\
\x7a\xcc\x9e\x5c\x8d\x5d\x1f\x1e\xc3\xb1\x33\x49\xc4\x07\x3a\xfa\
\x00\xfb\x8c\x02\x80\x70\x0e\x20\x6a\x14\x60\x92\x2d\xe9\xa6\xc2\
\x55\x88\xd5\x8b\x67\xe0\xc8\xa9\x0e\xbc\xf9\xf1\xe7\x68\xeb\x8c\
\xff\x48\xbd\xe0\xfb\x73\x78\x4e\x44\x0b\x1b\x09\x40\xc4\x8e\x29\
\xfd\x84\xe2\x83\x0f\x0f\x9d\xc6\xdb\x9f\xc6\x8b\x0f\x92\x77\x01\
\xfa\x04\xa0\x1a\x67\x8b\xe6\x5a\x79\x1c\x9b\x44\xb3\x33\x1d\x48\
\x8c\xe1\x8a\xa6\x1a\xcc\xa8\xab\xc4\x5b\xfb\x4f\x62\xef\xe1\x33\
\xe0\x3c\x72\xa3\xa1\x11\x71\x32\xf7\x9e\xa2\x07\x10\xf0\xdd\x16\
\x95\x07\x88\xcd\x5a\xd8\x93\xc2\x31\x39\x58\x32\xdb\x8b\xd9\x8d\
\x55\xd8\xf5\xd1\x71\x1c\x0f\xc5\x07\x86\x8c\x02\x86\x65\x82\xf4\
\x19\x6b\x38\x4c\x7b\x14\x20\x9a\x99\x46\x50\xee\x2a\xc4\x2d\x8b\
\xa6\xe3\xe8\x50\x7c\x40\xa4\x18\x33\x0a\x10\x79\x18\x08\x20\xd2\
\x45\xa9\x77\x09\x69\xa8\x31\xd4\x8f\x2f\xc3\x1d\xd5\xa5\x78\x7e\
\xe7\x5e\x23\x46\x01\xaa\x33\x8a\x98\x0b\x26\x6e\xab\x3c\x40\xaa\
\xc8\x12\x83\x2c\x19\x9d\x07\x10\x15\xcd\xb9\x80\xec\x83\x60\x40\
\x0c\x10\x7b\x2a\xd1\x2a\x36\x6a\x14\x90\x1d\x31\x60\x7c\x92\x6f\
\xff\xd4\x86\x81\xc3\xb6\x85\x40\xbb\xd3\x13\xce\xcc\x0c\x40\xe1\
\x9f\x86\x75\x01\x22\x86\x81\x11\xc9\x47\x07\x81\xa2\xd9\x99\x01\
\xb2\x72\x18\x08\xf1\xe2\x52\xb3\xd0\xd1\xfe\xf6\x19\x06\x46\xbf\
\xf7\xf5\x38\x41\x3b\x62\x54\x2a\x58\x60\x09\x10\x54\x93\x1f\x42\
\xc7\x2a\xc6\x13\xfd\x99\xc9\xc4\xa4\x16\x04\x8a\xd7\xfe\x41\x34\
\xbe\xdf\x41\x44\x33\x45\x22\xb5\x87\x44\x41\xcc\x8a\x25\xad\x20\
\xd0\x1c\x53\x4c\x25\xe2\x01\x46\x7e\xd6\x64\x8a\x0b\x42\x20\x5e\
\xcd\x12\x00\x49\x6b\x3a\x30\xe3\x96\x98\x8f\x8e\xe9\x40\x9d\xa9\
\xe0\xa8\x2b\xe8\x35\xcb\x60\xb4\x13\x9f\xa2\x59\x99\x09\x92\x0f\
\x01\xed\x14\x03\xb0\x78\x8a\x17\xcd\xd0\x4c\x60\x44\x1e\x20\xfa\
\xf4\xc2\x55\x2b\x87\x76\xd2\x27\x1b\x73\x03\xc6\x8c\x02\x44\x9f\
\x0c\x00\x9c\x51\x40\x0a\xd8\x27\x15\x4c\x91\x28\x80\x62\xc3\x95\
\x2c\xc3\xb0\x3c\x80\xc8\x21\x80\x33\x19\x14\x8b\x91\x93\x41\x62\
\x2a\x40\x44\x93\x4c\xc1\xb0\xb9\x00\xb1\x7d\x80\xf6\x82\x80\x6c\
\x0c\x02\xd5\xcf\x4c\x18\x09\xfb\x2c\x0b\xcf\xe2\x45\xa1\xb1\xa8\
\x9f\x3e\x36\x12\xf6\x59\x12\x16\xf7\x5e\xb3\x50\x02\x3a\x32\x41\
\x36\x8a\x01\x22\x8a\xb7\xe2\x03\x22\xd2\x49\x78\x14\x90\x5e\x0f\
\x20\x7a\x22\x40\x48\x55\x9a\x48\x9a\x63\x80\xd8\xd3\x89\x56\xd5\
\x71\x3e\x1c\x2c\x9c\x9d\x99\x40\xc7\x5c\x90\x8d\xe6\x02\xe2\xe5\
\x01\x84\xb3\xd3\x78\x22\x0f\xcf\xce\xaa\x15\x41\xda\x73\x01\xd9\
\x89\x51\x2b\x82\x42\xa7\x17\x70\x18\x08\x20\x32\x4c\x55\xef\x12\
\xd1\x4e\x83\xd1\xe1\x00\x6c\x34\x0c\x84\x3a\x0f\x20\x72\xb4\x92\
\x09\xb2\x32\x0f\xa0\xed\x96\xb2\xb2\xf9\x0d\x59\x11\x44\x31\xbf\
\x08\xe6\x5b\xa3\xbe\x39\x4c\xdc\x50\x25\x33\x18\x37\x17\x10\x3e\
\xbf\x70\xf5\x4a\xaa\x9f\xc3\xf7\x67\x17\x91\x27\x26\x1a\x34\x17\
\x20\xa4\x02\x80\xb0\xe4\xb3\x3d\x02\x30\xec\x39\x81\x62\x2b\x20\
\x4e\xc8\x23\x9a\x99\x19\x40\xc7\x20\x20\xb5\x4c\xa0\x88\xc3\x40\
\x72\x82\xc0\x08\x86\x04\x81\x16\xc0\x49\x04\x05\x31\xee\xa3\x61\
\x56\x21\x6a\x36\xd0\x11\x45\x22\x52\x7c\x58\xb4\x78\x7d\x40\xe8\
\xe9\x98\x40\x74\x34\x20\x96\x95\x99\xc1\x70\x0f\x20\x62\x08\x18\
\x17\xcb\x18\x6a\x0e\x36\x5a\x10\xa2\x8d\x45\xcc\x34\x8d\x51\xc4\
\x00\xa2\x55\xad\x68\xf6\x58\x03\x7d\x9f\x0b\x10\x78\xa9\x95\x60\
\xe6\x58\x86\x84\x5f\x19\x43\x9a\x1f\xb6\x72\xb0\x13\x09\x3d\xc0\
\xc6\x0d\x60\x9e\x23\xc1\xed\x41\xff\x20\x8e\x1d\x38\x00\x00\xe8\
\xeb\xbe\x80\xc0\x80\xdf\x70\xe3\xf4\xd0\x9b\xd7\x37\x8a\xef\xd0\
\xce\x5e\x12\x0a\x60\xfa\x7f\xc1\x3a\xf2\x82\xdb\xb1\x93\x81\xe2\
\x39\x5d\xd1\xec\xb1\x06\x09\xbb\x80\x03\xad\x0b\xc2\x5d\x80\x32\
\x38\x00\x26\x31\x30\x29\xb8\x8b\x04\x2c\x0e\xfa\x49\xe8\x01\x1e\
\xde\xb3\x27\xf0\xd4\xad\xde\x63\x00\xea\xbb\xce\x77\xa2\xeb\x7c\
\x67\x86\xcc\xd2\xcf\x00\xf9\x9d\x2e\x20\x05\x92\xf8\xde\x40\xba\
\x87\x73\xc4\xff\x82\x1a\x07\x4b\x33\xe2\x30\xf0\xee\xe7\x3f\xdf\
\xf5\xbb\x35\xf5\x5e\xe2\x7c\x2e\x18\xcb\xcd\x84\x51\xa9\x40\xa0\
\xab\x01\xac\x35\xdb\x0e\xab\x91\x54\x1e\xe0\xde\x3f\x1f\x6b\x05\
\xf0\x9a\xc1\xb6\x8c\x8a\x09\x33\x2a\xf3\xe7\x5e\x6f\xb6\x15\xd6\
\xc3\x66\xdf\x1e\xee\xa0\x17\x5b\x4e\x07\xaf\xff\xe5\x5f\xcc\x36\
\xc1\x32\x38\x1e\x20\xcb\xb1\x8d\x07\xe8\xeb\x3c\xfb\xf9\x89\x83\
\x1f\xfc\xd5\x6c\x3b\x44\x82\x73\x52\xcc\xb6\xc1\xc1\xc1\xc1\xc1\
\xc1\xc1\xc1\xc1\x41\x40\xfe\x0f\x80\x0d\xc1\x3c\x4d\x64\xd9\x3b\
\x00\x00\x00\x00\x49\x45\x4e\x44\xae\x42\x60\x82\
\x00\x00\x1b\x47\
\x89\
\x50\x4e\x47\x0d\x0a\x1a\x0a\x00\x00\x00\x0d\x49\x48\x44\x52\x00\
\x00\x00\x80\x00\x00\x00\x80\x08\x06\x00\x00\x00\xc3\x3e\x61\xcb\
\x00\x00\x00\x04\x73\x42\x49\x54\x08\x08\x08\x08\x7c\x08\x64\x88\
\x00\x00\x00\x09\x70\x48\x59\x73\x00\x00\x0b\x13\x00\x00\x0b\x13\
\x01\x00\x9a\x9c\x18\x00\x00\x1a\xe9\x49\x44\x41\x54\x78\x9c\xed\
\x5d\x7b\x50\x14\x57\xba\xff\x75\xcf\x03\x10\x10\x08\x82\x08\xa8\
\x01\xcd\x82\xd9\x80\x31\xa0\x26\x29\x34\xae\xba\x6b\xcc\x9a\xba\
\x6b\x82\x6b\xd4\x98\xd5\xc4\x47\xca\x24\x57\xca\x8d\x55\xc1\xba\
\xae\x95\x6b\x79\x13\x37\xb5\x64\x5d\x77\xcd\x12\x50\x93\xd5\x14\
\xc6\x5a\xbc\x46\xd7\x3c\x2e\xd1\x6c\x8c\x2f\x58\x82\x21\x2a\xeb\
\x0b\x54\x42\xc6\x28\x28\xef\x11\x66\x98\xee\xfb\xc7\xd8\x6d\x4f\
\x4f\x3f\x4e\xf7\x74\x0f\xb8\x3b\xbf\xaa\xae\x99\x3e\xe7\x3b\xdf\
\x39\xdd\xdf\x77\xbe\xf3\x9d\xef\x9c\xee\x06\x42\x08\x21\x84\x10\
\x42\x08\x21\x84\x10\x42\x08\x21\x84\x10\x42\x08\x21\x84\x7f\x17\
\x50\x66\x30\xdd\xba\x75\xeb\xfd\x2c\xcb\x3e\xc1\xb2\xec\xa3\x0c\
\xc3\x64\x02\x18\x02\x60\x90\x19\x75\xfd\x1b\xc0\x0d\xa0\x9d\xa6\
\xe9\x7a\x96\x65\x6b\x00\x7c\xce\xb2\xec\xa1\xe5\xcb\x97\xbb\x8d\
\x60\x6e\x98\x02\xec\xde\xbd\xdb\xd2\xd6\xd6\xf6\x34\x45\x51\xaf\
\x02\x18\x6f\x14\xdf\x10\xfc\xc1\x30\xcc\x35\x8a\xa2\xde\xa5\x28\
\xea\xf7\x4b\x97\x2e\xbd\x19\x08\x2f\x43\x14\xa0\xb4\xb4\x74\x1c\
\xc3\x30\xef\x52\x14\x95\xeb\xc3\x9c\xa2\x10\x11\x11\x81\xb0\xb0\
\x30\xd0\x34\x0d\x8a\x32\xc5\xe0\xfc\x4b\xc3\xe3\xf1\xc0\xe3\xf1\
\xc0\xe9\x74\xa2\xaf\xaf\xcf\x27\x8f\x61\x98\x36\x9a\xa6\x5f\x5b\
\xb2\x64\xc9\xbb\x14\x45\xb1\x7a\xf8\x07\x24\x11\x96\x65\xa9\xd2\
\xd2\xd2\x97\x00\x14\x01\xb0\x01\x80\xc5\x62\x41\x4a\x4a\x0a\xee\
\xbd\xf7\x5e\x24\x24\x24\x20\x2c\x2c\x0c\x16\x8b\xc5\x54\xe1\x0f\
\x04\xc5\x62\x59\x5d\xf7\x9f\x08\x1e\x8f\x07\x6e\xb7\x1b\xed\xed\
\xed\x68\x6c\x6c\x44\x63\x63\x23\xba\xbb\xbb\x85\x24\xfb\x18\x86\
\x79\x6e\xf9\xf2\xe5\xed\x5a\x79\xeb\xbe\x73\x2c\xcb\x52\x25\x25\
\x25\xbf\xbd\x6d\xf2\x41\x51\x14\xee\xbd\xf7\x5e\x64\x65\x65\x21\
\x36\x36\x16\x76\xbb\x5d\x2f\xeb\x10\x14\xc0\x30\x0c\x3a\x3b\x3b\
\x51\x5f\x5f\x8f\xba\xba\x3a\xf4\xf4\xf4\x00\x00\x58\x96\xad\xa5\
\x28\x6a\xc6\xd2\xa5\x4b\xaf\x69\xe1\xa7\x5b\x01\x4a\x4a\x4a\xd6\
\x03\xf8\x2f\x00\x88\x88\x88\x40\x6e\x6e\x2e\x46\x8e\x1c\x89\xf0\
\xf0\x70\x3f\x5a\x8f\xc7\xc3\x35\xd2\xb7\xf2\x01\xd0\x73\x07\x12\
\xa4\xac\x08\x45\x51\x92\xc3\xa7\xc7\xe3\x41\x4b\x4b\x0b\xaa\xaa\
\xaa\x70\xed\xda\x35\xae\x7c\x2d\xcb\xb2\x8f\x69\xb1\x04\xba\x24\
\x50\x5a\x5a\x3a\x87\x65\xd9\xdd\x00\x10\x19\x19\x89\xbc\xbc\x3c\
\xa4\xa4\xa4\x80\xa6\x69\x00\x5e\x2d\xed\xee\xee\xc6\xad\x5b\xb7\
\xe0\x72\xb9\x34\x0b\x5e\xab\x62\xf4\xb7\x22\x69\x35\xff\x24\xf4\
\x62\x1a\xab\xd5\x8a\xf0\xf0\x70\x44\x45\x45\xc1\x66\xb3\xf1\xe9\
\x6d\x6d\x6d\xa8\xac\xac\xc4\x77\xdf\x7d\xc7\x95\xdb\xbb\x74\xe9\
\xd2\xa7\x48\x7d\x02\x8b\x96\x86\x03\xc0\xf6\xed\xdb\x93\x18\x86\
\xf9\x3f\x00\xe1\x76\xbb\x1d\x93\x26\x4d\x42\x6a\x6a\x2a\x2f\xfc\
\xae\xae\x2e\xb4\xb4\xb4\xe0\xd6\xad\x5b\x7c\xcf\xe7\x40\x51\x94\
\xa2\xb0\xd4\xf2\xc5\x74\xa4\xf4\x66\x43\x6b\x7b\x48\x68\xc5\xf9\
\x0c\xc3\xc0\xe5\x72\xa1\xab\xab\x0b\x7d\x7d\x7d\x08\x0f\x0f\x07\
\x45\x51\x08\x0f\x0f\xc7\x90\x21\x43\x70\xe3\xc6\x0d\x74\x77\x77\
\x83\xa2\xa8\xcc\x9a\x9a\x9a\xa6\xfd\xfb\xf7\xd7\x90\xb4\x9d\x26\
\x21\x12\xa2\xaf\xaf\x6f\x23\x80\x18\x00\x18\x3b\x76\xac\x4f\xcf\
\xbf\x79\xf3\x26\x5a\x5b\x5b\xc1\x30\x8c\xe2\xc5\x48\xe5\x91\xdc\
\x0c\xbd\x02\x17\x97\xd7\x7a\x04\x5a\x1f\x09\xad\x96\x7c\xa7\xd3\
\x89\x6b\xd7\xae\xf1\xb3\x82\xd8\xd8\x58\x8c\x1f\x3f\x5e\x38\xfc\
\xfe\x76\xcb\x96\x2d\x71\x24\x6d\xd5\xa4\x00\xef\xbc\xf3\xce\x7d\
\x00\x9e\x05\x80\xc4\xc4\x44\x8c\x1a\x35\x0a\x56\xab\x15\x80\xd7\
\x14\x89\x3c\x53\x22\xc1\xcb\x41\xab\x00\x8c\x14\xa0\xd1\xbc\xb5\
\x2a\xb9\x52\x3e\x87\xbe\xbe\x3e\x34\x37\x37\xf3\x9d\x2d\x21\x21\
\x01\x63\xc6\x8c\xe1\xb2\xe3\xac\x56\xeb\x7f\x92\xb4\x4d\x93\x02\
\x58\xad\xd6\x17\xb9\x32\x63\xc6\x8c\x41\x54\x54\x14\x00\xa0\xa7\
\xa7\x07\x9d\x9d\x9d\xb2\x8d\x55\xba\x10\xa9\xbc\xbb\x69\x18\xd0\
\xaa\x14\x7a\xcc\xbf\x5c\x5e\x5f\x5f\x1f\xda\xda\xda\x00\x78\xa7\
\xdf\xa3\x47\x8f\x46\x64\x64\x24\x47\xb7\x7c\xdd\xba\x75\x56\xb5\
\xf6\x13\x2b\x00\xcb\xb2\x14\xc3\x30\xcf\x00\x40\x74\x74\x34\x86\
\x0d\x1b\xc6\xe7\xb5\xb7\xb7\x6b\x6a\xb8\x96\x3c\x31\x4d\xb0\x87\
\x01\x3d\x30\xd3\xfc\x0b\xf3\x00\xa0\xbb\xbb\x1b\x6e\xb7\x37\x2a\
\x1c\x1d\x1d\x8d\xd4\xd4\x54\x8e\x64\x58\x4a\x4a\xca\x64\xb5\xb6\
\xaa\x6a\x08\x87\xd2\xd2\xd2\x4c\x9a\xa6\x93\x01\xaf\xb9\x19\x34\
\xc8\x1b\xda\x77\xb9\x5c\x70\xb9\x5c\xaa\x0d\x25\xcd\x73\x38\x1c\
\xd8\xb7\x6f\x1f\x2a\x2b\x2b\xd1\xd4\xd4\x04\x9a\xa6\x91\x91\x91\
\x81\x67\x9f\x7d\x16\x13\x27\x4e\xe4\xe9\xbe\xff\xfe\x7b\x9c\x3f\
\x7f\x1e\x0d\x0d\x0d\xa8\xaf\xaf\xc7\xa5\x4b\x97\xb0\x6d\xdb\x36\
\xbe\x5d\x46\x41\xa9\xfd\x24\xde\xbc\xb0\xbc\x1c\xbd\x1a\x0d\x97\
\x2f\x37\x9b\xea\xee\xee\x46\x6c\x6c\x2c\x68\x9a\xc6\xc8\x91\x23\
\x71\xee\xdc\x39\x8e\x64\x3a\x80\x43\x4a\xed\x23\x56\x00\x00\xe3\
\xb8\x3f\x49\x49\x49\xbc\xe3\xd7\xd3\xd3\x23\x79\x93\xb4\x0a\xbe\
\xa9\xa9\x09\x1b\x37\x6e\xc4\xde\xbd\x7b\xc1\x30\x0c\x68\x9a\x46\
\x7a\x7a\x3a\x2c\x16\x0b\x3e\xfa\xe8\x23\x94\x97\x97\xa3\xb0\xb0\
\x10\xaf\xbc\xf2\x0a\x6e\xdd\xba\x85\x49\x93\x26\xf1\x41\x10\x00\
\xc8\xcd\xcd\x35\x5c\xf8\x6a\x90\xba\x0e\x25\xa5\xd0\xa2\x0c\x72\
\x8a\x20\x95\xde\xdb\xdb\xcb\xff\x8f\x8d\x8d\x85\xc5\x62\xe1\x66\
\x60\xe3\xfc\x88\x45\x20\x56\x00\x96\x65\xd3\xb9\xc6\x0d\x1e\x3c\
\x98\x4f\x17\xc7\xa7\xb5\x0a\x9e\x65\x59\x6c\xdf\xbe\x1d\x1b\x36\
\x6c\x40\x4f\x4f\x0f\xc2\xc2\xc2\xf0\xf2\xcb\x2f\x63\xd1\xa2\x45\
\x88\x8f\x8f\x07\xe0\x9d\x5d\xac\x59\xb3\x06\x6f\xbc\xf1\x06\xc6\
\x8f\x1f\x8f\xf6\xf6\x76\x1f\xe1\x03\xc0\xb4\x69\xd3\x48\x2f\x45\
\xd5\x34\x07\x12\xd6\x15\xf3\x36\xab\xd7\x0b\xd3\xb9\x21\x00\x00\
\x6c\x36\x1b\x06\x0d\x1a\x84\xce\xce\x4e\xb0\x2c\x3b\x5a\xad\xbd\
\x5a\x2c\x40\x0c\xf7\x27\x2c\x2c\x8c\x4f\x14\xce\xf5\xb5\x0e\x03\
\x9d\x9d\x9d\x58\xb9\x72\x25\x3e\xfb\xec\x33\x00\x40\x7a\x7a\x3a\
\xb6\x6f\xdf\x8e\xfb\xee\xbb\xcf\xa7\x6c\x7c\x7c\x3c\xfe\xf4\xa7\
\x3f\xa1\xa1\xa1\x01\x9b\x36\x6d\x42\x62\x62\xa2\x1f\xaf\xa9\x53\
\xa7\x2a\xd6\xa5\x05\x24\x3c\x48\x95\xc4\x88\x5e\x2f\x95\x27\x4e\
\xe7\xac\x26\x4d\xd3\xfc\xcc\x0c\x02\x99\xc9\x81\x58\x01\x28\x8a\
\xb2\x09\xfe\x4b\x36\x46\xa2\x8c\x2c\xbf\xeb\xd7\xaf\x63\xfe\xfc\
\xf9\xf8\xe7\x3f\xff\x09\x00\xc8\xce\xce\xc6\xae\x5d\xbb\x10\x1b\
\x1b\x2b\x59\xce\x6a\xb5\x62\xe1\xc2\x85\x28\x2c\x2c\xe4\x3d\x5d\
\x0e\x09\x09\x09\xc8\xca\xca\x0a\xea\x6c\x40\xab\xf9\x17\x96\x31\
\xd2\xfc\x73\xe9\x5c\x1e\x45\x51\xfc\xf0\x4c\xd3\xb4\xea\x82\x8c\
\x16\x0b\x20\x09\x3d\xe3\xff\xb5\x6b\xd7\x30\x7b\xf6\x6c\x5c\xbe\
\x7c\x19\x80\xb7\xe7\x97\x95\x95\x21\x2e\x4e\x39\x76\x91\x95\x95\
\xc5\x2f\x86\x08\x31\x75\xea\x54\xfe\xa2\x03\x69\x7b\xa0\x2b\x7a\
\x24\xbd\x9d\x84\x4e\x8b\xf9\x17\xf3\xd3\x8a\x80\x15\x40\x0c\x35\
\x6b\xd0\xd9\xd9\x89\xf9\xf3\xe7\xf3\xc2\x8f\x88\x88\xc0\xfb\xef\
\xbf\x8f\x7b\xee\xb9\x47\x95\xa7\x1c\x8d\x78\xfc\x0f\x64\xfa\x46\
\x02\xad\xde\xbf\xdb\xed\x46\x6d\x6d\x2d\xbe\xfd\xf6\x5b\x5c\xbe\
\x7c\x19\x37\x6f\xde\x44\x6f\x6f\x2f\x18\x86\x41\x78\x78\x38\xe2\
\xe3\xe3\x31\x62\xc4\x08\x8c\x1d\x3b\x16\x63\xc7\x8e\xe5\x4d\xb8\
\x56\x45\xd0\x03\x5d\x0a\xa0\xa5\xd7\x0b\xd3\x19\x86\xc1\xcb\x2f\
\xbf\xcc\x9b\x7d\x00\x58\xbf\x7e\x3d\x46\x8f\xf6\xf7\x55\xa4\xf8\
\x89\xd7\x16\x00\x6f\x00\xe4\xb1\xc7\x1e\x1b\x90\xe6\xdf\xe9\x74\
\xe2\x8f\x7f\xfc\x23\xde\x7b\xef\x3d\xdc\xbc\x49\xb6\x71\x67\xc8\
\x90\x21\x78\xe1\x85\x17\xb0\x62\xc5\x0a\x7e\xd1\x47\xcd\xfc\x07\
\x02\x43\x2c\x00\xa9\x42\x14\x17\x17\xa3\xa2\xa2\x82\x3f\xcf\xcb\
\xcb\xc3\xfc\xf9\xf3\x55\xcb\x71\xe0\x02\x4e\x42\xe4\xe6\xe6\x22\
\x36\x36\x56\x4b\x73\x4d\x81\xb8\xdd\x3f\xfc\xf0\x03\xf2\xf3\xf3\
\x71\xe1\xc2\x05\x4d\x7c\x5a\x5a\x5a\xb0\x71\xe3\x46\x7c\xf5\xd5\
\x57\xd8\xb9\x73\x27\x1f\xdf\x57\xb2\x06\x81\x28\x81\xf6\x81\x53\
\x04\x52\xe1\x9f\x3b\x77\x0e\x6f\xbe\xf9\xe6\x9d\x8a\x69\x1a\xeb\
\xd7\xaf\xe7\x69\x49\xa2\x62\x4d\x4d\x4d\x7e\xe9\x72\xd3\x3f\xbd\
\x91\x3f\xa3\x22\x83\x05\x05\x05\x8a\xc2\xbf\xe7\x9e\x7b\x14\x7d\
\x9e\x63\xc7\x8e\xe1\xad\xb7\xde\x92\xbc\x2e\x92\x34\x52\x04\xac\
\x00\x42\x28\xdd\xa4\xd7\x5e\x7b\xcd\x67\xbe\x3a\x77\xee\x5c\x64\
\x66\x66\xaa\x86\x3b\x85\xf9\x67\xcf\x9e\xf5\xa3\x99\x3e\x7d\xba\
\x61\x21\x5c\x12\x90\xd4\x75\xe9\xd2\x25\x7c\xf1\xc5\x17\xb2\x3c\
\x36\x6f\xde\x8c\x33\x67\xce\xa0\xae\xae\x0e\x9b\x37\x6f\x96\xa5\
\xdb\xb6\x6d\x9b\x9f\xc3\x2b\x6c\x83\x11\x30\x4c\x01\x94\x84\x78\
\xe0\xc0\x01\x54\x56\x56\xde\xa9\x94\xa6\x51\x50\x50\xa0\x2a\x78\
\x31\xaa\xaa\xaa\x7c\xce\x93\x92\x92\xf0\xe3\x1f\xff\x38\x80\x56\
\x1b\x03\xb1\x42\x9c\x39\x73\x46\x96\x36\x2a\x2a\x0a\x73\xe6\xcc\
\xe1\x69\xf3\xf3\xf3\x7d\x02\x6b\x42\xf4\xf6\xf6\xe2\xf8\xf1\xe3\
\xb2\xf7\xc3\x08\x25\x30\x44\x01\xe4\x1a\x47\x51\x14\x3c\x1e\x0f\
\xde\x78\xe3\x0d\x9f\xbc\x59\xb3\x66\x61\xe4\xc8\x91\xb2\x65\xa4\
\xd0\xd9\xd9\xe9\xa7\x00\xd3\xa6\x4d\x53\x1d\x36\xfa\xc3\xfc\x0b\
\x43\xb3\x62\xd8\x6c\x36\x3f\xbe\xc2\xc0\x9a\x18\x17\x2f\x5e\xf4\
\xb9\x1e\xb9\x6b\xd4\x0b\xc3\xa7\x81\x80\x6f\x43\x3f\xfe\xf8\x63\
\x34\x34\x34\xf8\xe4\x2f\x5e\xbc\x58\x96\x5e\x8e\xd7\xa7\x9f\x7e\
\x0a\x97\xcb\xe5\x93\x37\x7d\xfa\x74\x22\x1e\x46\x81\xd4\xfb\x0f\
\x94\xa7\x10\x1d\x1d\x1d\x92\xf4\x46\xed\x42\x36\x54\x01\xa4\x2e\
\xa6\xb4\xb4\xd4\xe7\x7c\xc4\x88\x11\x78\xf8\xe1\x87\x65\xe9\xe5\
\x78\xbd\xf7\xde\x7b\x3e\xe7\x56\xab\x35\xe8\xd3\x3f\x29\x88\xeb\
\x37\x7a\x7b\xb8\xd5\x6a\x95\xf4\xf4\x8d\x98\x02\x02\x26\xc7\x01\
\x1a\x1a\x1a\xfc\xcc\xf6\x93\x4f\x3e\x29\x1b\xb5\x93\x13\xe6\x89\
\x13\x27\x50\x5d\x5d\xed\x93\x36\x71\xe2\x44\x44\x47\x47\xeb\x6a\
\xab\x5e\x68\x0d\x00\xa9\xd1\x90\xf0\xe3\x36\xdd\x90\x2a\x81\xd6\
\xeb\x35\x35\x0e\xb0\x7f\xff\x7e\xbf\x74\xa1\xd9\x56\xe3\x01\x78\
\x6f\x92\xd8\x87\x90\xe3\x63\xb6\x35\x30\x7a\x08\x20\x69\xaf\x70\
\xdd\xc3\x08\x81\x8b\x61\xea\x5a\x80\x78\x2a\x64\xb5\x5a\x91\x93\
\x93\xa3\x5a\x5e\x98\xbe\x6f\xdf\x3e\x1c\x3f\x7e\xdc\x2f\x5f\xcd\
\x01\x0c\x16\x84\x6d\x30\xe3\xe9\x20\xf1\x03\x36\x77\x8d\x0f\xe0\
\x72\xb9\x50\x53\xe3\xbb\x33\x79\xf4\xe8\xd1\xbc\xc7\xab\x26\x78\
\xc0\xbb\x0f\xa0\xb0\xb0\xd0\x8f\x26\x25\x25\x45\xb8\x01\x52\x53\
\xbb\xf4\x40\xeb\xd2\x2f\xc9\xcc\x44\xc8\x73\xff\xfe\xfd\xb2\x0f\
\xcf\x0c\x1d\x3a\x74\xe0\xf9\x00\x52\x10\x5f\x74\x7d\x7d\xbd\x4f\
\xe0\x07\x00\x86\x0f\x1f\x4e\xec\xf8\xb1\x2c\x8b\x55\xab\x56\xa1\
\xb9\xb9\xd9\x8f\x4e\xa9\xf7\x9b\x61\x15\xcc\xf4\xfe\x59\x96\x45\
\x7a\x7a\xba\x2a\x7f\xb3\x94\xc0\xb4\x38\x80\x54\xd8\x36\x26\x46\
\x7a\x7f\x82\xd4\x5c\xb6\xb8\xb8\x18\x07\x0e\x1c\x90\x5c\x28\xfa\
\xe9\x4f\x7f\xea\x57\xd6\xec\x08\xa0\x18\x46\xd5\xab\x25\xc8\x23\
\x45\x1b\x68\x80\xc8\xb4\xb5\x00\x6e\xbb\xb2\x10\x52\x1a\x2c\x55\
\xfe\xe0\xc1\x83\x58\xb7\x6e\x1d\x96\x2f\x5f\xee\x17\x2f\xb7\x58\
\x2c\x98\x3c\x79\xb2\x4f\x59\xf1\xf3\x08\x72\xed\x34\x33\xf8\x13\
\xa8\x32\x68\x09\xf2\x48\x29\x81\xde\x7a\x83\xb6\x16\x00\x78\x87\
\x05\x21\xad\x54\xf9\xca\xca\x4a\x2c\x5e\xbc\x18\x3f\xf9\xc9\x4f\
\xb0\x6a\xd5\x2a\x7c\xfd\xf5\xd7\x3e\x34\x63\xc7\x8e\xe5\xa7\x46\
\x00\xd0\xdc\xdc\x8c\x89\x13\x27\xfa\xcc\x38\x02\x11\xa4\xdc\x35\
\x19\x69\x69\x94\x04\xab\xc5\x1a\x18\x01\xd3\xd6\x02\xa4\x56\xba\
\x6a\x6b\x6b\x51\x5f\x5f\x2f\x7b\x41\x9f\x7c\xf2\x09\xe6\xcc\x99\
\x83\x8c\x8c\x0c\x6c\xdd\xba\x15\x55\x55\x55\x7e\x8f\x99\x3d\xfa\
\xe8\xa3\xfc\x7f\xb7\xdb\x8d\x25\x4b\x96\xc0\x66\xb3\x61\xca\x94\
\x29\x41\x1d\x06\xfa\xc3\xfc\x93\xa4\x69\x85\x2e\x05\x20\x19\x87\
\xa4\x16\x69\x58\x96\xc5\x8a\x15\x2b\x7c\xd6\xf5\x29\x8a\x42\x7b\
\x7b\x3b\x0a\x0b\x0b\xb1\x70\xe1\x42\xa4\xa5\xa5\xe1\xc3\x0f\x3f\
\x44\x54\x54\x94\x5f\xef\x07\xc0\x4f\x23\x59\x96\xc5\xaf\x7f\xfd\
\x6b\xfc\xe3\x1f\xff\xc0\xf6\xed\xdb\x65\x17\x54\xc4\xed\xbc\x9b\
\xcd\x3f\xa9\x0f\xa0\x05\xa6\xc5\x01\x52\x52\x52\x90\x9d\x9d\x8d\
\x6f\xbf\xfd\xd6\x27\xef\xe4\xc9\x93\x98\x3c\x79\x32\x9e\x79\xe6\
\x19\xc4\xc4\xc4\xe0\xf4\xe9\xd3\xf8\xf8\xe3\x8f\xd1\xdd\xdd\x8d\
\x9c\x9c\x1c\x94\x95\x95\xf1\xdb\xc1\xcf\x9f\x3f\xef\xc7\xbb\xa1\
\xa1\x01\x1d\x1d\x1d\x58\xbd\x7a\x35\xca\xcb\xcb\xb1\x75\xeb\x56\
\x8c\x1b\xe7\xbf\xfd\xdd\x88\xde\x21\xc7\x43\x6d\xbf\x9f\x5a\xdd\
\x62\xef\x7d\xd3\xa6\x4d\xbc\x1f\x23\xe6\x3d\x6b\xd6\x2c\x64\x65\
\x65\x29\x96\x0f\xe4\x5a\x4d\xdd\x13\xf8\xea\xab\xaf\xe2\xb9\xe7\
\x9e\xf3\xa3\x71\x38\x1c\x28\x2a\x2a\xf2\x49\x9b\x3d\x7b\x36\x36\
\x6f\xde\x8c\x88\x88\x08\x3e\x4d\x6a\x07\xd0\xfa\xf5\xeb\xb1\x61\
\xc3\x06\x50\x14\x85\x2d\x5b\xb6\xe0\x17\xbf\xf8\x85\x5f\xbd\x66\
\x43\x5c\x97\x9e\xa9\x98\x50\x88\x7f\xfe\xf3\x9f\x25\xa7\xbb\x80\
\x77\xc3\x6c\x76\x76\xb6\x69\x71\x00\x43\x7d\x00\xf1\x8d\x99\x39\
\x73\x26\x5e\x7a\xe9\x25\xc5\x72\x71\x71\x71\xf8\xc3\x1f\xfe\x80\
\x92\x92\x12\x1f\xe1\x03\xde\x80\x8f\x14\x12\x12\x12\x50\x5e\x5e\
\x8e\x67\x9e\x79\x86\xa8\xc7\xb5\xb5\xb5\xe1\xec\xd9\xb3\xf8\xfe\
\xfb\xef\x7d\xda\x6a\x84\xf9\x17\xf2\xd3\x0a\x2d\xe5\x06\x94\x0f\
\x20\x86\x52\xe3\xd6\xad\x5b\x87\x4d\x9b\x36\x21\x39\x39\xd9\x27\
\x7f\xd4\xa8\x51\x58\xb3\x66\x0d\xaa\xab\xab\xb1\x60\xc1\x02\xc9\
\xb1\x6d\xd5\xaa\x55\x3e\x4a\x10\x17\x17\x87\x82\x82\x02\x54\x56\
\x56\xe2\xb1\xc7\x1e\x53\x6d\x53\x53\x53\x13\xe6\xce\x9d\x8b\xf4\
\xf4\x74\x3c\xf2\xc8\x23\x78\xe0\x81\x07\xf0\xe0\x83\x0f\xe2\xaf\
\x7f\xfd\x2b\xd1\x35\x69\x55\x0c\xa3\x66\x09\x4a\xfc\x49\xd2\xb4\
\xc0\xf4\xfd\x00\x14\x45\x61\xc1\x82\x05\x98\x37\x6f\x1e\x2e\x5f\
\xbe\x0c\xa7\xd3\x89\x61\xc3\x86\x21\x3e\x3e\x5e\xf5\x82\x7e\xf4\
\xa3\x1f\xe1\xe4\xc9\x93\xb8\x70\xe1\x02\x6c\x36\x1b\xd2\xd2\xd2\
\x84\x4f\xbd\x28\x96\x6d\x6d\x6d\xc5\x13\x4f\x3c\xc1\xbf\x3a\x85\
\xc3\x95\x2b\x57\xb0\x64\xc9\x12\xf4\xf6\xf6\x62\xc1\x82\x05\x01\
\x5d\x1b\x10\xb8\xf9\xd7\x5b\xff\x5d\xe1\x03\x08\xcf\xb9\x87\x3d\
\xa5\x68\xe4\xd2\x00\xef\x0e\x9a\xfb\xef\xbf\x9f\xb8\x3e\x0e\x45\
\x45\x45\x7e\xc2\x17\xa2\xb0\xb0\x10\xb3\x67\xcf\xf6\x59\x6d\xd3\
\x2b\x4c\x3d\xe5\xa5\x04\xa9\x44\x3b\xe0\x7d\x00\x80\x6c\x7a\xa8\
\x45\xf8\x4a\xe9\x6a\xa6\x76\xcf\x9e\x3d\x4a\x4d\x45\x47\x47\x07\
\x0e\x1e\x3c\x28\xcb\x57\x8f\x5f\xa0\xd7\x7f\xd0\x4b\x37\x60\x7c\
\x00\xc0\x58\xe1\x2b\x05\x48\x48\xc6\xe1\xd6\xd6\x56\xde\xe1\x53\
\xc2\xa9\x53\xa7\x54\x69\xa4\xea\x57\x6b\x87\xd2\x30\xe5\x76\xbb\
\x7d\x7a\x2e\xcb\xb2\x7e\x8b\x66\x42\x08\xdf\x08\x66\x86\x6f\x61\
\x4a\x20\x88\x44\xd0\x4a\x42\x96\x4a\x53\xba\x78\xb1\x50\xe4\xa6\
\x54\x62\x48\xad\x57\x68\x81\x5c\xbb\x94\x96\xaa\x3b\x3b\x3b\xf1\
\xc5\x17\x5f\xf0\xe5\x0e\x1d\x3a\xa4\xd8\x0e\xf1\xf0\x37\xe0\x03\
\x41\xa4\xc2\x57\xa3\xd1\x9b\x0e\x48\x3f\x42\x26\x07\xd2\x1b\xa8\
\xe5\x61\xcf\x31\x63\xc6\x20\x2f\x2f\x0f\x47\x8e\x1c\x91\xa4\xcf\
\xcf\xcf\xe7\x05\x5b\x57\x57\x27\xcb\xf7\x91\x47\x1e\xc1\xfd\xf7\
\xdf\x2f\x19\xf8\x31\xca\x09\x34\xd5\x07\x90\x4a\x0b\xd6\x30\x60\
\x34\x48\xcd\x3f\x45\x79\x1f\xcf\x7e\xf7\xdd\x77\x91\x96\x96\x26\
\x4b\x57\x57\x57\xa7\x28\xfc\xb4\xb4\x34\x14\x17\x17\xf3\x75\x19\
\xdd\xf3\x39\x18\xaa\x00\x62\x04\xcb\x29\xe4\xf2\xcc\x9c\x83\x6b\
\xad\x2f\x25\x25\x05\x5f\x7e\xf9\x25\x9e\x7f\xfe\x79\x45\x9f\x40\
\x0c\xab\xd5\x8a\x45\x8b\x16\xe1\xe0\xc1\x83\x7e\x81\x30\x33\x94\
\xc0\xb4\x1d\x41\x46\x0d\x0d\x7a\xd2\xb5\x80\x84\x87\xde\x17\x3f\
\xc4\xc4\xc4\xe0\xed\xb7\xdf\xc6\xea\xd5\xab\xb1\x7b\xf7\x6e\x54\
\x54\x54\xe0\x9b\x6f\xbe\x41\x57\x57\x97\x0f\xdd\xe0\xc1\x83\xf1\
\xe0\x83\x0f\x62\xda\xb4\x69\xc8\xcf\xcf\xf7\x79\x03\x1b\x49\xdd\
\x81\x0c\x07\xa6\xec\x0a\xee\x2f\xbf\x80\x34\x5f\x2b\x48\x83\x3f\
\x72\x8a\x90\x9c\x9c\x8c\x82\x82\x02\xac\x5c\xb9\x12\x2c\xcb\xa2\
\xad\xad\x8d\x7f\xe0\x23\x3a\x3a\xda\xef\xad\x28\x6a\xe3\xbd\x91\
\x9b\x4f\x4d\x77\x02\x83\x29\xfc\x60\x9a\x7f\x0e\x7a\xde\xf0\x11\
\x17\x17\xe7\xb3\x5f\x42\x2d\xc8\xa3\xd5\x09\xd4\x72\x1f\x4c\x7d\
\x32\xc8\x68\xa7\x90\xa4\x4e\xad\x08\x74\x08\x90\x13\x36\x97\x47\
\xf2\x76\x0f\x39\xba\x60\x58\x02\x53\x9d\x40\x31\x82\x11\x2c\x32\
\x03\xa4\xde\xbf\xd6\xd9\x8c\xd2\x39\x09\x8d\x11\xd7\x1f\xb4\x48\
\x20\xc9\x39\x49\x9a\x54\x59\x31\xbd\x99\x8a\xa1\x56\x87\x96\x36\
\x1b\xe9\x28\xeb\x85\x21\xcf\x06\x1a\x7d\xae\x25\x4d\x29\x5d\x0d\
\x6a\xca\xe2\x74\x3a\x71\xfc\xf8\x71\x54\x57\x57\xe3\xe2\xc5\x8b\
\xb8\x76\xed\x1a\x9c\x4e\x27\x28\x8a\x42\x54\x54\x14\x86\x0d\x1b\
\x86\x8c\x8c\x0c\x4c\x98\x30\x01\x39\x39\x39\x3e\xd3\x3d\x12\xb3\
\x2e\x95\xa6\xd5\xb4\x07\x3a\x14\x04\x6d\x35\x90\xf4\x3c\xd0\x34\
\x23\x70\xfe\xfc\x79\x14\x15\x15\x61\xcf\x9e\x3d\x44\x5b\xce\x01\
\xef\x2b\x5f\xe6\xcc\x99\x83\x15\x2b\x56\xf8\xad\x7a\x4a\x39\x6c\
\x5a\x9d\xbc\x01\x1b\x09\xd4\xe2\x95\x93\x34\x34\xd0\x61\x80\xb4\
\x1e\x29\x74\x76\x76\x62\xd5\xaa\x55\xc8\xc9\xc9\xc1\x8e\x1d\x3b\
\x88\x85\x0f\x78\x1f\x63\x2b\x2e\x2e\xc6\x43\x0f\x3d\x84\x82\x82\
\x02\x9f\xf8\xbe\x11\xe3\xbb\x59\x43\x81\xe9\xa1\x60\x2d\xf4\xa4\
\xd6\x41\x29\x5d\x4f\x1b\x28\x8a\x42\x75\x75\x35\x26\x4c\x98\x80\
\xe2\xe2\x62\xbf\xad\xe8\x5a\xe0\xf1\x78\xb0\x75\xeb\x56\x4c\x98\
\x30\xc1\xe7\xa1\x56\x33\x94\xc0\x08\x0c\x28\x27\x50\xe9\x5c\x2e\
\x4d\x29\x9d\x14\x3b\x77\xee\xc4\xf4\xe9\xd3\xd1\xd8\xd8\x18\x10\
\x1f\x21\xae\x5e\xbd\x8a\x9f\xff\xfc\xe7\x3e\xfb\x12\xf4\x5a\x40\
\x52\x5a\x3d\x30\x65\x1a\x18\x4c\xa7\x30\x50\xdf\xe0\xed\xb7\xdf\
\xc6\xb2\x65\xcb\x14\xd7\xe4\xf5\xc2\xed\x76\xe3\xf9\xe7\x9f\xe7\
\x5f\x86\x2d\xd5\x36\xa3\xad\xa6\x56\x98\xf6\x82\x08\xb9\xbc\x81\
\xe4\x14\xee\xdb\xb7\x0f\x57\xaf\x5e\xd5\x54\x46\x2b\x3c\x1e\x0f\
\x16\x2f\x5e\x8c\xa3\x47\x8f\xf2\xab\x83\x46\x38\x7d\x46\x85\x83\
\x0d\xd9\x10\x42\x9a\xa7\x46\x4b\x3a\x4e\x1a\x35\x23\x20\x11\x3e\
\x45\x51\x48\x4c\x4c\x44\x6a\x6a\xaa\xdf\x5b\xca\x49\xd1\xd9\xd9\
\x89\x17\x5f\x7c\x51\x53\xf8\x36\x58\x43\x41\xbf\x2f\x07\x07\x5a\
\x5e\x8f\xe3\x47\x52\x6f\x7e\x7e\x3e\x3e\xfa\xe8\x23\x34\x37\x37\
\xe3\xca\x95\x2b\xb8\x70\xe1\x02\x9a\x9b\x9b\x71\xf2\xe4\x49\xac\
\x5d\xbb\x96\x7f\x7a\x89\x14\xc7\x8e\x1d\x43\x79\x79\xb9\x5f\x3d\
\x4a\xe7\x6a\x6d\x34\x02\x41\x9b\x05\xf4\x77\xb0\x88\x14\x99\x99\
\x99\x38\x76\xec\x18\x76\xec\xd8\x81\x9f\xfd\xec\x67\x7e\xef\xe8\
\xc9\xcc\xcc\xc4\x9a\x35\x6b\x70\xea\xd4\x29\x3c\xf5\xd4\x53\x9a\
\x78\x6f\xd8\xb0\x41\xf2\x9b\x8a\x72\xb8\xab\x66\x01\x62\x0c\x14\
\xbf\x40\x0b\x1e\x7d\xf4\x51\x1c\x3e\x7c\x18\xe3\xc6\x8d\x53\x9d\
\x56\xc6\xc5\xc5\x61\xe7\xce\x9d\x58\xb6\x6c\x19\x31\xff\x8b\x17\
\x2f\xe2\xd3\x4f\x3f\x55\xa4\xb9\x6b\x67\x01\x7a\x1b\xaa\x47\x19\
\x48\xfd\x02\x2d\x48\x4b\x4b\x43\x79\x79\xb9\xe4\x53\xc6\x4a\x7e\
\x47\x51\x51\x11\x26\x4f\x56\xfd\x3a\x1b\x8f\xbf\xfc\xe5\x2f\xfd\
\x36\xde\x4b\x21\x28\xd3\x40\xbd\x79\xc1\xb4\x04\xa5\xa5\xa5\x8a\
\x1f\xad\xe0\xf8\x8a\x79\x5b\x2c\x16\x6c\xd9\xb2\x85\x78\xdb\x57\
\x45\x45\x05\xba\xba\xba\x0c\x13\x7a\xa0\x0a\x61\xda\xb3\x81\x81\
\xe6\xe9\xad\x57\x0f\xcf\x27\x9f\x7c\x12\x79\x79\x79\x7c\x79\x35\
\xf3\x2f\xce\x1b\x35\x6a\x14\xe6\xcd\x9b\x47\x54\x97\xcb\xe5\xc2\
\x97\x5f\x7e\xa9\xda\xd6\x60\x59\x01\xc3\x2d\x40\x30\x87\x02\xf1\
\xb9\xde\x1b\xb3\x72\xe5\x4a\xc5\x76\x29\x29\x02\x87\x17\x5e\x78\
\x81\xb8\xbe\x13\x27\x4e\xa8\xf2\xd3\x92\x17\x08\x82\x3a\x0d\xd4\
\x9b\x17\xc8\x98\xa9\x86\x11\x23\x46\xf0\xbd\x5f\x09\x6a\xf1\x87\
\xf1\xe3\xc7\x4b\x7e\xce\x4e\x0a\xb5\xb5\xb5\x7e\xe5\xe5\xea\x24\
\x41\xbf\xc6\x01\x8c\x68\x64\x30\xfc\x02\x39\xcc\x98\x31\x03\x34\
\x4d\xfb\x99\x7e\x52\xf3\xcf\xa5\xd1\x34\x4d\xa4\x48\x80\xef\x2b\
\xe0\xf5\xb6\xfd\xae\x8b\x03\x90\xd2\x05\x3a\x2f\xd6\x7a\x63\x72\
\x73\x73\x15\xeb\x23\x31\xff\xdc\x79\x76\x76\x36\x51\x9d\x0e\x87\
\xc3\x27\x1e\x60\xb4\xd0\xb5\xdc\x83\x7e\x89\x03\x90\xd2\x69\x15\
\xa6\x9e\x5e\x91\x91\x91\x41\xc4\x97\x44\xd9\xa4\x3e\x82\x21\x85\
\xbe\xbe\x3e\xc9\x4f\xc1\x48\xf1\x35\x6b\xec\xe7\x10\x94\x4d\xa1\
\xa4\x17\x64\xf4\x50\x40\x82\xe4\xe4\x64\x4d\xe6\x5f\x29\x2d\x21\
\x21\x81\xb8\x5e\xb1\x02\xe8\x69\xff\x5d\x13\x08\xd2\x53\x26\x58\
\xca\x20\xf7\x7a\x39\xd2\x5e\x2f\x84\x96\xaf\x97\xbb\xdd\x6e\x5d\
\x56\xf2\xae\x0f\x04\xe9\x29\x13\xa8\x5f\xa0\x04\xb5\x4f\xce\xca\
\x39\x7d\x52\xe7\x5a\x3e\x5f\x4b\x52\x6f\x30\x60\xfa\x10\xd0\x9f\
\xca\x40\x02\xae\x27\x6a\x35\xff\x52\xe7\x4e\xa7\x93\xb8\x5e\x29\
\x6b\xd1\x1f\xc3\x40\xbf\x3d\x18\xd2\x1f\x4e\xa2\x14\x5a\x5b\x5b\
\x25\xf9\x92\x98\x7f\xf1\x39\xe9\x8b\x29\x80\x3b\x6f\x4e\x0f\x56\
\x4f\x97\x83\xe9\xa1\x60\x23\x61\x86\x32\x48\xbd\xd6\x5e\x89\xa7\
\x52\x3d\xa4\x7b\x0a\xe3\xe2\xe2\x14\x3f\x15\xa7\xd6\x16\x23\xef\
\x77\x50\x2d\x80\x1c\xfa\xd3\x32\xd4\xd5\xd5\x29\x9a\x7f\x35\x5e\
\xc2\x7c\xd2\x77\x0e\xa5\x29\xbc\x38\x42\x4b\xdd\x46\x20\xa8\x6b\
\x01\x66\xf1\x0a\xa4\xce\xc3\x87\x0f\xfb\xf1\xd2\x33\xcb\x60\x59\
\x56\xf6\x95\x30\x62\x28\x7d\xed\x34\xd8\x43\x42\xbf\xad\x05\x98\
\xc5\x4b\x6b\x9d\x15\x15\x15\x92\x0f\x80\x68\x99\x5d\x50\x14\x85\
\xaa\xaa\x2a\x38\x1c\x0e\xa2\x3a\x49\x3f\x9c\x15\x0c\x04\x6d\x08\
\xe8\x0f\x65\x20\x41\x77\x77\x37\xca\xca\xca\x34\x9b\x7f\x71\x5e\
\x71\x71\x31\x71\x9d\x93\x26\x4d\x32\x4d\xe8\x9a\xa7\xc1\xa6\xb4\
\x42\x05\x03\x4d\x19\x36\x6c\xd8\x80\xee\xee\x6e\xc5\x69\xa0\x52\
\x5d\xa7\x4e\x9d\x42\x59\x59\x19\x51\x5d\xc3\x87\x0f\x47\x66\x66\
\xa6\xae\x76\xca\x21\x90\x7b\x30\x20\x9c\x40\xa3\xa0\xf7\x46\x34\
\x36\x36\xe2\xd5\x57\x5f\xd5\xc5\xd3\xe9\x74\x62\xd1\xa2\x45\xc4\
\x8f\x93\x3d\xf5\xd4\x53\xfd\x3e\xf5\x13\xa2\xdf\x15\x60\xa0\xdc\
\x8c\xe2\xe2\x62\xbc\xfe\xfa\xeb\x60\x59\x96\xb8\x4d\xdc\x0b\xa7\
\xb5\xbc\x71\x54\xea\xfb\x09\xfd\x89\x7e\x57\x80\x81\x84\xd7\x5f\
\x7f\x1d\xcf\x3e\xfb\x2c\x6e\xdc\xb8\xa1\x4a\xfb\xdd\x77\xdf\x61\
\xe6\xcc\x99\x38\x70\xe0\x00\x31\xff\x19\x33\x66\x68\xfa\xe0\x65\
\x30\x10\x52\x00\x11\xca\xca\xca\x30\x6a\xd4\x28\xac\x5e\xbd\x1a\
\x27\x4e\x9c\xf0\xf9\x64\x3d\xc3\x30\x38\x7d\xfa\x34\x0a\x0b\x0b\
\x91\x95\x95\x45\x3c\xed\xe3\xb0\x76\xed\x5a\xa3\x9b\x1b\x30\x88\
\x9f\x0d\x64\x59\x96\x32\xc3\x5c\x6b\x31\xb9\xc1\x42\x47\x47\x07\
\x8a\x8a\x8a\x50\x54\x54\x04\x8b\xc5\x82\xa1\x43\x87\xc2\x66\xb3\
\xa1\xb9\xb9\x59\x53\xbc\x5f\x88\x5f\xfd\xea\x57\xc8\xc9\xc9\x31\
\xe5\xfb\xc2\x2a\xb0\x02\xf0\x00\x90\xac\x98\xd4\x02\x58\x18\x86\
\xf9\x97\xb3\x16\x79\x79\x79\xaa\x4b\xb8\x1e\x8f\x07\x0e\x87\x03\
\x57\xae\x5c\xd1\x2d\xfc\xe1\xc3\x87\x63\xe3\xc6\x8d\xba\xca\x06\
\x02\x96\x65\x29\x00\xb6\xdb\x87\xa4\xfc\x48\x84\x6a\x01\x60\xbd\
\x1b\x14\x80\xeb\x5d\xa4\x16\x65\xdc\xb8\x71\xd8\xbd\x7b\x37\x2c\
\x16\x8b\x69\x6d\x1a\x34\x68\x10\x76\xed\xda\x85\x98\x98\x18\xd3\
\x7a\xbf\x0a\x5f\x1b\xbc\x56\xc0\x0a\x09\x79\xab\x09\xd5\xc2\x15\
\x36\x52\x01\x8c\xbc\x11\x52\xbc\xe4\xbe\x51\x2c\x46\x7c\x7c\x3c\
\x66\xce\x9c\x89\xf7\xdf\x7f\xdf\x94\x61\x28\x2c\x2c\x0c\xbb\x76\
\xed\xc2\x43\x0f\x3d\xe4\x97\x17\x44\x65\xb0\x8a\x0e\x1f\x39\x2a\
\x09\x95\x16\x16\xbc\x6d\x4e\x8c\x6c\x98\x69\xbc\x92\x93\x93\x89\
\x9e\xde\xe5\xbe\x37\x38\x6f\xde\x3c\x7c\xf8\xe1\x87\x08\x0f\x0f\
\x37\xa4\x7d\x00\x30\x64\xc8\x10\x7c\xf2\xc9\x27\x3e\x1f\xba\x96\
\x83\x59\xca\xc0\x30\x0c\x05\x7f\x05\xf0\x51\x02\x39\x05\xa0\xe0\
\xed\xfd\xdc\x61\x75\xbb\xdd\xbd\x5c\xa6\xf0\x7d\xfc\x4a\x3d\x27\
\xd0\x0b\x13\x7f\x59\x83\xb4\x0c\x45\x79\x1f\xef\x56\x42\x72\x72\
\x32\xa6\x4f\x9f\xce\x9f\x3f\xfd\xf4\xd3\x38\x7e\xfc\x38\x1e\x78\
\xe0\x01\x7d\x8d\x15\x60\xe6\xcc\x99\xa8\xae\xae\xf6\xf9\xcc\x2d\
\x29\x02\xfd\x98\x14\xe0\xdd\x74\x7a\x3b\xad\x1b\xbe\x82\xe7\xe4\
\xa9\xaa\x00\x34\x7c\x15\xc0\xd2\xd7\xd7\x77\x93\xcb\xec\xe9\xe9\
\x91\xac\x38\x90\x0b\x08\xa4\xbc\xb8\x0c\xcb\xb2\x58\xbb\x76\x2d\
\x52\x53\x53\x25\xe9\x6d\x36\x1b\x4a\x4a\x4a\x10\x16\x16\xc6\x97\
\x65\x59\x16\x59\x59\x59\xa8\xaa\xaa\xc2\xef\x7e\xf7\x3b\xd9\xb2\
\x4a\x98\x38\x71\x22\xf6\xee\xdd\x8b\x3d\x7b\xf6\x20\x29\x29\x29\
\x68\xf7\x42\x18\xc2\x66\x18\x06\xbd\xbd\xde\xbe\x7a\x5b\x66\x42\
\xc1\x0b\x0f\x1a\x90\x56\x00\x4a\x40\xc0\x29\x02\x7d\xe3\xc6\x8d\
\x4b\x1c\xc1\xcd\x9b\xbc\x2e\xc0\x6a\xb5\x0e\x08\xa1\x8b\x31\x74\
\xe8\x50\x7c\xf5\xd5\x57\xf8\xe5\x2f\x7f\x09\xbb\xdd\x0e\xc0\x7b\
\xa3\xf2\xf2\xf2\xf0\xf7\xbf\xff\x1d\x33\x66\xcc\x90\xe4\x65\xb7\
\xdb\xb1\x72\xe5\x4a\xd4\xd7\xd7\xe3\xb3\xcf\x3e\xc3\x2b\xaf\xbc\
\x82\xdc\xdc\x5c\xc9\xb7\x83\x24\x24\x24\x60\xca\x94\x29\xf8\xcd\
\x6f\x7e\x83\x9a\x9a\x1a\x1c\x3e\x7c\x18\x8f\x3f\xfe\xb8\xec\x72\
\xb1\x59\xd7\x2b\x74\x62\x5d\x2e\x17\x3f\x5b\x71\xbb\xdd\x97\x20\
\x90\xa1\xe8\xd7\x02\x48\xc7\x01\xa8\xdb\x07\x2d\x38\x2c\x47\x8e\
\x1c\xa9\x4d\x4f\x4f\x67\x69\x9a\xa6\x1c\x0e\x07\x32\x33\x33\x61\
\xb1\x58\x7c\x3e\x6a\xa4\xf5\x82\x48\x1c\x2f\x21\x9d\x52\x19\x71\
\x1e\xcb\xb2\x48\x4d\x4d\xc5\x07\x1f\x7c\x00\x97\xcb\x85\x96\x96\
\x16\xc4\xc4\xc4\xf8\x7c\x7a\x5e\x09\x34\x4d\x63\xea\xd4\xa9\x98\
\x3a\x75\x2a\xcf\xaf\xa3\xa3\x83\x5f\x34\x8a\x8d\x8d\xf5\xdb\xd5\
\xa3\x77\xc8\xd2\x0a\x71\x19\xa1\x0c\xae\x5f\xbf\xce\xe7\xb7\xb6\
\xb6\xd6\xc0\x2b\x68\x46\xf0\x4b\x43\x20\x63\x29\x0b\x40\x0b\x88\
\x78\xe2\xa3\x47\x8f\x76\xb8\xdd\xee\x6f\x00\xef\x93\x2d\xdc\x30\
\x40\x51\x14\xdf\xc3\xb4\x36\xdc\x68\x3a\xb9\x73\xbb\xdd\x8e\xe4\
\xe4\x64\x44\x46\x46\x82\x65\x59\x9f\x43\x4c\x2f\x95\xce\x61\xf0\
\xe0\xc1\x18\x36\x6c\x18\x92\x92\x92\x14\x85\x6f\xd4\xf5\x90\x82\
\xbb\xff\x1e\x8f\x07\xf5\xf5\xf5\x7c\xfa\xd7\x5f\x7f\x7d\x04\xd2\
\xf2\xe4\xd3\xe4\x86\x00\x49\xe2\x1f\x7e\xf8\xe1\x7f\x01\xef\x4e\
\xda\xfa\xfa\x7a\xbe\xc1\x11\x11\x11\x7e\xbd\x4f\xeb\x45\x19\x2d\
\x74\xe1\xb9\x9a\x70\x48\x68\xb4\x20\x98\xca\x20\xbc\xf7\x1d\x1d\
\x1d\xfc\x1e\x47\xa7\xd3\x59\xf3\xb7\xbf\xfd\xed\x7b\x88\x64\x08\
\x5f\x0b\x20\xa9\x00\x72\xa0\xb6\x6d\xdb\xb6\xdf\xed\x76\xb7\x00\
\xc0\xe9\xd3\xa7\xf9\x9d\x34\x14\x45\x69\x7a\x28\x82\x83\x51\x42\
\x27\xe1\xab\xd7\xd4\x92\xf0\xd2\x2b\xf0\x40\x95\xc1\x6e\xb7\xf3\
\xbd\xdf\xed\x76\xa3\xb6\xb6\x96\x9f\xa1\x9d\x3b\x77\xee\x7d\xdc\
\x11\xb4\x2c\x34\x05\x77\x1c\x0e\x47\x4f\x53\x53\xd3\x16\xc0\xbb\
\x0e\x5e\x5d\x5d\xcd\x2f\x96\x58\xad\x56\x44\x46\x46\xaa\x8e\xeb\
\xa4\x37\x24\xd0\x9b\x2c\x97\xa6\xd6\xe3\x95\xf2\xe5\x86\x8d\x40\
\xda\x49\x92\x27\x45\x17\x16\x16\xc6\x7f\x6d\x9d\x61\x18\x34\x35\
\x35\xf1\xe6\xbf\xab\xab\xeb\x64\x49\x49\x09\xd1\x4a\x95\x16\x05\
\x60\x01\xe0\xad\xb7\xde\x2a\x77\x3a\x9d\x35\x80\xf7\x31\xe7\xb3\
\x67\xcf\xf2\xf3\x4e\xab\xd5\x8a\xe8\xe8\x68\x3f\x9f\x40\xef\xd8\
\xa6\xe5\x86\x91\x0a\x4c\x2a\x5f\xef\x30\xd0\x1f\xca\x60\xb1\x58\
\x10\x19\x19\xc9\x07\xad\x58\x96\xc5\x8d\x1b\x37\x70\xf4\xe8\x51\
\xee\x1a\x7a\x3f\xff\xfc\xf3\x37\xdc\x6e\x37\xd1\x4d\x97\x0a\x82\
\xd3\x32\x87\x05\x00\xc5\x30\x0c\xd5\xd1\xd1\x51\x95\x9d\x9d\x3d\
\x8b\xa6\xe9\x08\x87\xc3\x01\xbb\xdd\x8e\xb8\xb8\x38\x58\x2c\x16\
\x50\x14\x05\x9b\xcd\x06\xbb\xdd\x0e\x8b\xc5\xc2\x3f\x7b\xcf\xe5\
\x71\xe7\x34\x4d\xfb\xfd\x97\x3b\x17\x1e\xe2\x34\xb5\x73\xb3\x0e\
\x00\x9a\xce\x95\xae\x53\xed\x1e\x58\x2c\x16\xd8\xed\x76\x84\x87\
\x87\x23\x2c\x2c\x8c\x7f\xac\x8c\x61\x18\x5c\xbf\x7e\x1d\x87\x0e\
\x1d\xc2\xad\x5b\xb7\x00\x00\x75\x75\x75\x6f\xee\xd8\xb1\xe3\x04\
\xbc\x2b\x80\x1e\x78\x3d\xff\xbe\xdb\xbf\x1e\xf1\x21\x65\xaf\x2d\
\xb8\xb3\x82\x64\x15\xfc\xf7\x39\xcf\xcf\xcf\x7f\x60\xda\xb4\x69\
\x25\x56\xab\x75\x10\xe0\x7d\x4f\xce\xf8\xf1\xe3\x89\x86\x81\x10\
\x02\x87\xcb\xe5\xc2\x85\x0b\x17\x50\x5d\x5d\xcd\xbf\xe7\xb8\xb1\
\xb1\x71\xdb\xfa\xf5\xeb\x8b\xe1\x15\xb8\xfb\xf6\x21\xfc\xef\x77\
\x2e\xb7\x0c\x26\xf6\x1a\x85\xe7\x14\x00\xaa\xae\xae\xee\x66\x44\
\x44\x44\xe5\xc8\x91\x23\xa7\x58\x2c\x96\x88\xd6\xd6\x56\x7e\x66\
\x30\x78\xf0\x60\x5e\x7b\x43\x30\x0e\x2c\xcb\xc2\xe5\x72\xc1\xe1\
\x70\xe0\xe8\xd1\xa3\x38\x7b\xf6\x2c\xbf\x17\xf1\xd2\xa5\x4b\xef\
\x6c\xdc\xb8\x71\x3b\xc3\x30\x7d\xf0\xf6\x6e\xf1\xaf\xe4\x21\xd7\
\x55\xb9\x9e\x2e\xb4\x00\x56\x51\xba\x15\x80\xf5\xe1\x87\x1f\x4e\
\x9a\x3b\x77\xee\xff\x44\x45\x45\x8d\xe3\x0b\x5b\xad\x48\x4e\x4e\
\x46\x52\x52\x12\x86\x0c\x19\x82\x88\x88\x08\xc9\x25\x57\xad\x7b\
\xef\xd5\x20\x47\x13\xa8\x45\x52\x72\x18\xf5\x96\x95\xca\x97\xf3\
\x33\x5c\x2e\x17\xda\xda\xda\xe0\x70\x38\x70\xf5\xea\x55\x9f\x0f\
\x4f\xba\xdd\xee\xf6\x9a\x9a\x9a\xff\x2e\x2d\x2d\x3d\x82\x3b\x02\
\x17\x1e\x6e\x85\x5f\x59\x05\xe0\x56\x02\x65\x05\x8f\x3b\x31\x66\
\xab\xd5\x6a\xb5\x15\x14\x14\xfc\x47\x5a\x5a\xda\x8b\x76\xbb\x7d\
\x88\xe2\x15\x87\x60\x08\x58\x96\xed\x6b\x69\x69\xd9\xf7\xc1\x07\
\x1f\x14\x9f\x39\x73\xe6\x26\xee\x8c\xf5\x52\x4a\x20\xa7\x0c\x8a\
\x4b\xbc\x9c\x2f\x20\xb5\x9c\xc8\x0b\x1f\x82\xc5\x85\xc4\xc4\xc4\
\x88\x85\x0b\x17\x3e\x3e\x62\xc4\x88\x59\x11\x11\x11\xe3\x28\x4a\
\x53\x9c\x21\x04\x02\xb8\xdd\xee\xa6\xe6\xe6\xe6\xcf\x2a\x2a\x2a\
\xf6\x1e\x39\x72\xe4\x2a\xbc\x82\x17\x3b\x78\x24\x8a\xc0\x00\x2a\
\x41\x02\x28\x0b\x9f\x53\x00\xe1\xe2\x02\xef\x27\x64\x64\x64\x44\
\x4d\x9e\x3c\x39\x2b\x31\x31\x31\xcd\x66\xb3\xc5\x59\x2c\x16\xed\
\x91\xa2\x10\xc0\xb2\xac\xbb\xaf\xaf\xaf\xb3\xb5\xb5\xf5\xbb\xac\
\xac\xac\xf2\x65\xcb\x96\xc5\xc0\x3b\x25\xe7\x0e\x06\xd2\x4a\x20\
\xa5\x00\x1e\xdc\x36\xfd\x1c\x7f\x92\xc1\x51\xb5\xe7\xc3\x77\xf5\
\x90\x82\x6f\x04\x8a\x06\x59\x3d\x21\xa8\xe3\x34\x00\x6e\x5f\xb9\
\x94\x02\x28\x29\x81\xf0\x3f\x0f\x92\x5d\xc1\xc2\x02\xc2\x0a\xb9\
\xdd\xa6\x96\xdb\xbf\x62\x05\xe0\xc0\xa5\x87\x60\x0c\x7a\x05\xff\
\x19\xdc\x51\x04\x6e\xce\xaf\x34\x1c\x78\x20\x02\xe9\xb6\xf0\x3e\
\xdc\x11\xbe\x50\x09\xa4\x84\xcf\x09\x5b\x68\x09\x42\x0a\x60\x1c\
\xb8\x07\x15\xb8\x29\x03\x27\x0b\x35\x25\x90\x7c\x76\x4d\xcb\x37\
\x83\x84\xcc\xb9\xb5\x65\xa1\xf0\xc5\xe6\x9f\xb3\x02\x16\x84\x86\
\x00\x23\x21\x54\x00\xe1\x30\xc0\xfd\x7a\x44\xbf\x7d\x12\x3c\x78\
\x68\xfd\x68\x14\x0b\xdf\xb0\xa2\x58\xf8\x52\x43\x80\xe1\x5f\x27\
\xfd\x37\x87\x70\x08\x90\x52\x00\xa1\x05\x50\x0d\x54\xe8\x15\x0e\
\x57\x09\x20\x6d\x01\x20\xf8\xd5\xff\x15\xc6\x10\xa4\x20\x35\x04\
\x88\x1d\x42\x62\x98\x61\x9a\xc5\x4a\x10\x1a\x02\x8c\x43\x2f\xbc\
\xf7\x93\x13\x3e\x0b\x82\x5e\x1e\x42\x08\x21\x84\x10\x42\x08\x12\
\xf8\x7f\xc2\xff\x05\xae\x6f\x90\xbd\x3e\x00\x00\x00\x00\x49\x45\
\x4e\x44\xae\x42\x60\x82\
\x00\x00\x0e\xc4\
\x89\
\x50\x4e\x47\x0d\x0a\x1a\x0a\x00\x00\x00\x0d\x49\x48\x44\x52\x00\
\x00\x00\x80\x00\x00\x00\x80\x08\x06\x00\x00\x00\xc3\x3e\x61\xcb\
\x00\x00\x00\x04\x73\x42\x49\x54\x08\x08\x08\x08\x7c\x08\x64\x88\
\x00\x00\x00\x09\x70\x48\x59\x73\x00\x00\x0b\x13\x00\x00\x0b\x13\
\x01\x00\x9a\x9c\x18\x00\x00\x0e\x66\x49\x44\x41\x54\x78\x9c\xed\
\x9d\x6b\x6c\x54\xe7\x99\xc7\xff\xcf\x73\x3c\xb6\x67\x8c\x6d\x0a\
\xa6\x81\xd5\x86\xe0\x40\xd3\xc4\x17\xe8\xc6\x34\x91\x42\x92\x96\
\xa5\x49\x8b\xe3\x71\xe0\x43\xad\xb0\xda\xa8\x59\x29\x45\xda\x95\
\xb2\xab\x86\xd8\x10\x52\xed\xc4\xdb\x0b\x60\x13\x5a\x75\x3f\xa5\
\x6a\xd4\x6a\x3f\x2c\x89\xa3\x8a\xd8\x60\xa0\x95\x08\x59\xb2\x44\
\x0d\xc5\xd9\x80\x8d\x89\x42\xc1\x5e\x72\x23\x8d\xe9\x26\x36\xd8\
\x63\x7b\xe6\x79\xf6\x83\x3d\x66\x7c\x19\x3c\x97\x73\x1b\xfb\xfc\
\x3e\xf9\x9c\xf3\x5e\xfe\xe3\xf7\x3f\xef\x73\xce\x9c\xf7\x42\x98\
\x63\x84\x42\xca\xd7\xef\xed\x2a\x35\x22\x28\x53\x68\x29\x08\x2b\
\x00\x5e\xae\xaa\x4b\x88\xb4\x84\x04\x8b\x14\x08\x28\x90\x0b\x46\
\x2e\x00\x40\x30\x42\xc0\x08\x01\x83\x60\x5c\x15\xa5\xab\x44\xf4\
\x19\x20\x97\x89\xb8\x47\xa2\xda\x63\x18\xda\x9d\xf7\xc7\xca\xde\
\xc6\x46\x12\x67\x3f\xa1\xb9\x90\xd3\x02\x32\xe5\xb9\x03\x9d\xb7\
\x46\x0d\xdc\x27\xc0\x3a\x22\x7c\x1d\x42\x95\x60\x14\x58\x51\x97\
\x40\xae\x31\xa8\x0b\xa0\x53\x2a\x72\x12\x3e\x7d\xab\xa9\x7a\xcd\
\x87\x56\xd4\x65\x17\x59\x67\x80\xd0\xf1\x9e\xfc\xa1\x81\xc1\xf5\
\x80\x6c\x54\xd2\x8d\x0c\x5e\xe5\xa8\x20\x91\x0b\x60\x3e\x42\x84\
\x23\x79\x05\x05\x6f\x34\xae\x2f\x0d\x3b\xaa\x27\x45\xb2\xc2\x00\
\xa1\x96\xae\xdc\x41\x3f\xbe\xc3\xa2\x75\x60\xad\x05\xb8\xd0\x69\
\x4d\x33\xa1\x22\xfd\xc4\xdc\x2a\xa2\x2d\x81\x61\xfa\x7d\x63\x5d\
\xc5\x88\xd3\x9a\x66\xc3\xd5\x06\xd8\xd1\xde\x7d\x87\x8a\x7c\x5f\
\x04\xdf\x63\xc6\x12\xa7\xf5\xa4\xc8\x9f\xa1\xf8\x8d\x10\xfd\xaa\
\x39\x58\x7e\xc1\x69\x31\x89\x70\x9f\x01\x54\xa9\xa1\xad\xf3\x5b\
\x04\xde\x06\xc6\xb7\x9d\x96\x63\x06\xaa\x72\x54\x61\xec\x6d\x0e\
\x96\xbd\x0e\x22\x75\x5a\x4f\x3c\xae\x31\x40\x28\xa4\x1c\xae\xea\
\xda\x0c\xa2\x7f\x05\xb0\xda\x69\x3d\x96\x20\xf2\xae\x90\xd1\xd8\
\x1c\x2c\x6b\x75\x8b\x11\x9c\x37\x80\x2a\x35\xb4\x77\x56\x53\x14\
\x3f\x06\xf3\xd7\x9c\x96\x63\x07\x22\xe8\x30\x0c\xfc\x70\x77\x4d\
\xc5\x51\xa7\xb5\x38\x6a\x80\x86\xd6\x73\xe5\xc4\xfa\x33\x00\x0f\
\x39\xa9\xc3\x29\x54\xe5\x28\x98\x9e\x6e\xaa\xa9\x3c\xef\x94\x06\
\x47\x0c\xb0\xed\x77\xef\x16\x18\x23\xfc\x23\x02\xff\x33\x00\xc3\
\x09\x0d\x6e\x41\x04\x11\x66\xfc\x3c\x5f\xc3\xa1\xc6\xda\xb5\x83\
\x76\xd7\x6f\xbb\x01\x76\xb4\x75\x3e\x1c\x25\xbc\xc8\xa0\x15\x76\
\xd7\xed\x66\x44\x70\x09\x44\x5b\x9b\x6b\xcb\x8f\xd9\x59\xaf\x6d\
\x06\x08\xb5\x9d\x0e\x0c\x22\x7f\x2f\x13\xfe\xd1\xae\x3a\xb3\x94\
\x5f\xe4\x2f\x28\xd8\x6e\xd7\x0f\x4a\xb6\x18\x60\xfb\xc1\xce\x35\
\x02\x7a\x99\x81\x3b\xed\xa8\x2f\xdb\x51\xd1\x2e\x83\x8d\x2d\xbb\
\x82\x65\x5d\x56\xd7\xc5\x56\x57\x50\xdf\xd6\xf9\xb8\x88\xfe\xc1\
\x6b\xfc\xe4\x21\xa6\x8a\x08\xe4\xed\x86\x83\x9d\x8f\x59\x5e\x97\
\x55\x05\x87\x8e\x1f\xcf\x19\x1a\x28\xd9\x47\x44\x4f\x59\x55\xc7\
\xfc\x40\xf7\x5d\x1a\x3a\xdf\xf0\x6a\x5d\x5d\xd4\x8a\xd2\x2d\x31\
\x40\xfd\x6b\xe7\x0b\xd9\x88\xbc\x02\xd0\x46\x2b\xca\x9f\x6f\x08\
\x70\x50\x72\x23\x5b\x5e\xf8\xf6\xd7\xae\x9b\x5d\xb6\xe9\x06\xd8\
\x79\xa4\x7b\x59\x74\x24\x72\x78\xbe\xfc\xa8\x63\x1f\xfa\x0e\x8b\
\x56\xef\x7a\x74\xf5\xa7\x66\x96\x6a\xaa\x01\xb6\xb7\x75\x2d\x17\
\x92\x63\x8e\xbf\xa2\x9d\xa3\x88\xe8\xfb\xe4\x93\x0d\x66\x8e\x41\
\x30\xcd\x00\xcf\x1c\xee\x5c\x49\x51\x7d\x9d\xc1\xcb\xcd\x2a\xd3\
\x63\x3a\x02\xed\x35\x48\x37\xec\xae\x59\x7d\xc9\x8c\xf2\x4c\x31\
\xc0\xf8\x37\xff\x4d\xaf\xf1\xed\x41\xa0\xbd\x64\xc8\x03\x66\xf4\
\x04\x19\x3f\x06\xee\x3c\xd2\xbd\x6c\xbc\xdb\xf7\x1a\xdf\x26\x18\
\xb4\x42\x47\xf9\xd8\xb3\xad\x67\x6f\xc9\xbc\xac\x0c\xa8\x7f\xed\
\x7c\x61\x74\x24\x72\xd8\x8b\xf9\xf6\xc3\x4c\x77\x44\xc0\xed\xdb\
\x7e\xf7\x6e\x46\xe3\x1f\xd3\x36\x40\xe8\xf8\xf1\x1c\x36\x22\xaf\
\x78\x77\xfb\xce\xc1\x8c\x2a\x1e\xc9\xd9\xff\xdd\x96\x96\xb4\x5f\
\xa8\xa5\x6d\x80\xa1\x81\x92\x7d\xde\x73\xbe\xf3\x30\x10\xbc\xdd\
\x7f\x57\x53\xba\xf9\xd3\xba\x09\xac\x6f\xeb\x7c\x9c\x89\xfe\x23\
\xdd\x4a\xad\xc0\x88\x46\x50\x7a\xa1\x03\xb7\x5e\xee\x46\xe1\x17\
\x7d\x60\x31\xf7\x87\x33\x61\x03\x03\x45\x25\xf8\xe0\xb6\x32\xf4\
\x7c\xa5\x0a\x51\x23\xc7\xd4\xf2\x33\x45\xa1\x5b\x9a\x82\x95\x2f\
\xa7\x9a\x2f\x65\x03\x6c\x3f\xd8\xb9\x46\x44\xff\xc0\xcc\xf9\xa9\
\xe6\xb5\x8a\xc0\xf5\x2f\x70\xdf\x89\x16\x2c\xe8\xbf\x6a\x4b\x7d\
\x03\x45\x25\x78\xeb\x1b\x75\x18\x0a\x14\xd9\x52\x5f\x32\x08\x30\
\x98\x03\xbe\x37\xd5\x17\x48\x29\x85\x80\x50\xdb\xe9\x80\x80\x5e\
\x76\x53\xe3\x1b\xd1\x88\xad\x8d\x0f\x00\x85\xfd\x7d\xb8\xef\xbf\
\x5a\xc0\xd1\x88\x6d\x75\xce\x06\x03\x81\xa8\x44\xf7\x87\x8e\xf7\
\xa4\xd4\x36\x29\x19\x20\x4c\xf9\xcd\x6e\x7b\xab\x57\x7a\xa1\xc3\
\xd6\xc6\x8f\x51\xd8\xdf\x87\xdb\xff\xf4\x8e\xed\xf5\xde\x0c\x62\
\xaa\x18\x1a\xb8\xbe\x3b\x95\x3c\x49\x1b\x60\x47\x5b\xe7\xc3\x00\
\xfe\x29\x65\x55\x16\x73\xeb\xe5\x6e\xc7\xea\xfe\xeb\xff\x75\xae\
\xee\x44\x10\xe1\x5f\xea\xdb\xce\x6d\x48\x36\x7d\x52\x06\x08\xb5\
\x74\x2d\x88\x12\x5e\x4c\x5f\x96\x75\x14\x7e\xd1\xe7\x58\xdd\x45\
\xfd\xce\xd5\x7d\x33\x18\xfa\xe2\x0f\x5e\x79\xcb\x9f\x5c\xda\x24\
\x18\xf2\xcb\xbf\xb9\x75\x0c\x9f\xd9\x77\xfb\x29\xd5\xed\xa2\x7b\
\x80\x49\x10\x56\xe6\xfa\x8b\x9e\x4f\x26\xe9\xac\x06\x68\x68\x3d\
\x57\x3e\x3e\x7a\xd7\x23\x8b\x10\xc5\xd3\xf5\xaf\x9d\xf9\xea\x6c\
\xe9\x6e\x6e\x00\x55\x1a\x1f\xb7\x3f\xaf\x87\x6e\x67\x23\xcc\xc8\
\x01\x1b\x2f\xcc\x9a\xee\x66\x17\x1b\xda\x3b\xab\x31\x4f\x27\x6d\
\xcc\x05\x98\xf0\xc8\xf8\xcd\x7b\xe2\x34\x89\x2e\x84\x42\xca\x14\
\xc5\x8f\xcd\x97\xe5\x61\x27\x0a\xfa\x09\x54\x13\xfe\xe0\x97\xd0\
\x00\xe1\xaa\xae\xcd\xde\x8b\x9e\x39\x00\x61\x6d\xfd\xa1\x73\xc1\
\x44\x97\x67\x36\x80\x2a\x8d\xcf\xd2\xf5\x98\x03\x30\x34\x94\xa8\
\x17\x98\xd1\x00\x0d\x6d\x9d\xdf\xc2\x5c\x9d\xa2\x3d\x2f\xa1\xbb\
\xb7\x1f\xea\xfa\xc6\x4c\x57\x66\x34\x00\x81\xb7\x59\x2b\xc8\xc3\
\x6e\x44\xe9\x99\x99\xce\x4f\x33\xc0\x8e\xf6\xee\x3b\xe6\xca\xca\
\x1c\x1e\x37\x60\xc2\x23\x3b\x5a\xbb\xa6\x8d\xdc\x9a\xf6\x52\x5b\
\x45\xbe\x6f\x8f\x24\x73\x58\xf6\xc0\xcd\x7f\xca\x58\x72\xcf\x5d\
\x19\x95\xff\xd9\x29\xc7\xa6\xee\x9b\x8e\x90\x3e\x09\x60\x47\xfc\
\xb9\x49\xff\xbd\x50\x4b\x57\xae\x08\xbe\x67\xab\x2a\x0f\xdb\x50\
\xa2\x27\xb6\x9e\x3e\xed\x8b\x3f\x37\xc9\x00\x83\x7e\x7c\x27\x0b\
\x57\xe3\xf2\x48\x12\x06\x6e\x59\xf4\x89\xff\xa1\x29\xe7\xe2\x0e\
\x44\xeb\xec\x95\xe4\x61\x37\xaa\xd1\x49\x6d\x3c\x61\x80\xd0\xf1\
\x9e\x7c\x61\x7d\xd4\x7e\x49\x1e\xf6\xc2\x9b\x9e\x3a\xfc\x7e\xde\
\xc4\x51\xec\x8f\xa1\x81\xc1\xf5\x0c\x5e\xe0\x8c\x28\x0f\xdb\x20\
\x14\xfb\x47\xc3\x0f\xc6\x0e\xe3\x42\x80\x78\x43\xbc\xe7\x0b\x8c\
\x8d\x37\xfe\x1c\x47\x49\x3d\x03\xcc\x13\x14\x3c\xd9\x00\xcf\x1d\
\xe8\xbc\xd5\x9b\xde\x35\x7f\x60\xe0\xce\x9d\x47\xba\x97\x8d\xff\
\x0d\x44\x0d\xdc\xe7\xac\x24\x0f\xbb\x89\x44\x64\x1d\x30\x6e\x00\
\x01\xd6\x39\x2b\xc7\xc3\x6e\x48\x71\xc3\x00\x44\xf8\xba\xb3\x72\
\x3c\x1c\xe0\x1e\x00\xe0\x50\x48\x19\x42\x95\x4e\xab\xf1\xb0\x17\
\x55\xa9\x80\x2a\xf1\xf5\x7b\xbb\x4a\xad\xda\x63\xc7\xc3\xbd\x10\
\x73\xd1\xb6\xf6\xee\xe5\x6c\x44\x50\xe6\xb4\x18\x0f\x67\x30\x04\
\x65\xac\xd0\x52\xa7\x85\x78\x38\x83\x42\x4a\x79\x6c\x5f\x3d\x8f\
\xf9\x08\x13\x95\x32\xbc\xc5\x9d\xe6\x2d\xaa\x7a\x1b\xab\xaa\xf7\
\xfe\x7f\x9e\x42\xa0\x12\x26\xd2\x12\xa7\x85\x78\x38\x83\x00\x25\
\x4c\x82\x45\x4e\x0b\xf1\x70\x0a\x29\x61\x05\x02\x4e\xcb\xf0\x70\
\x06\x26\xf6\xb3\x62\x7c\x07\x6d\x8f\xf9\x48\x1e\x4f\x6c\xa1\xee\
\x31\xef\x10\x48\x9e\xe5\x5b\xc6\x78\xb8\x1b\x86\xc0\xf5\x3b\x5c\
\x7b\x58\x03\x83\x87\x99\xe0\x19\x60\x1e\x33\xcc\x04\xd8\xbe\x5b\
\xa5\x87\x3b\x10\x95\x21\x06\xc3\xfe\x55\x16\x3d\x5c\x02\xf7\xb1\
\x28\x79\x06\x98\xa7\x30\xd0\xc7\x44\xf4\x99\xd3\x42\x3c\x9c\x41\
\xa1\x7d\x0c\xc8\x65\xa7\x85\x78\x38\x04\x51\x2f\x13\x71\x8f\xd3\
\x3a\x3c\x9c\x41\x55\x7b\x59\xa2\xea\x19\x60\x9e\x42\xe0\x1e\x36\
\x0c\x75\xdf\x92\xd7\x1e\xb6\x40\xd0\x73\x9c\xf7\xc7\xca\x5e\x81\
\x5c\x73\x5a\x8c\x87\xcd\x28\xbe\xd8\x13\x2c\xff\x80\x1b\x1b\x49\
\x18\x64\xf9\x3e\xf5\x1e\xee\x42\x09\x5d\x20\xd2\xf1\x97\x41\x74\
\xca\x59\x39\x1e\xf6\x23\xa7\x80\xf1\xa9\x61\x2a\x72\xd2\x59\x31\
\x1e\x76\x43\x4a\x27\x81\xd8\xfa\x00\x3e\x7d\xcb\x51\x35\x1e\xb6\
\x13\xe5\x38\x03\x34\x55\xaf\xf9\x10\x22\x17\x9c\x95\xe4\x61\x1b\
\x82\xf3\x7b\x6b\x2a\xae\x00\xf1\x4b\xc4\x30\x1f\x71\x4c\x90\x87\
\xbd\xb0\x4e\xb4\xf5\x84\x01\x88\xe0\x19\x60\x9e\x40\xc4\xd3\x0d\
\x90\x57\x50\xf0\x86\x8a\xf4\x3b\x23\xc9\xc3\x46\x3e\xcf\x1b\xd4\
\x13\xb1\x83\x09\x03\x34\xae\x2f\x0d\x13\x73\xab\x33\x9a\xac\x61\
\x61\xd5\x66\xf8\x96\xde\x9f\x76\x7e\xdf\xd2\xfb\xb1\xb0\x6a\xb3\
\x89\x8a\xdc\x80\x1e\x68\xac\xab\x98\x18\x05\x36\x69\xb1\x68\x11\
\x6d\x61\xa6\xc7\xed\x17\x65\x3e\x0b\xab\x36\xa3\xb8\x6a\xd3\xc4\
\xf1\xe8\x95\xff\x4e\x29\xbf\x6f\xe9\xfd\xf0\x2d\xbd\x1f\xc5\x4b\
\xc7\x8e\x3f\xef\x38\x60\xa6\x3c\xc7\x20\xa2\x96\xf8\xe3\x49\xa3\
\x82\x03\xc3\xf4\x7b\x00\x7f\xb6\x55\x91\x05\x4c\x6d\xfc\x58\x63\
\x26\xcb\xd4\xf4\xc5\x55\x9b\xe6\x46\x4f\x20\x72\xe5\x2f\x4b\xc3\
\xc7\xe2\x4f\x4d\x32\x40\x63\x5d\xc5\x08\x14\xbf\xb1\x55\x94\xc9\
\x4c\x6d\xfc\x18\xc9\x9a\x20\x51\xba\x39\x61\x02\xa2\x5f\xff\x72\
\xed\xda\xd1\xf8\x53\xd3\xf6\x0b\x10\xa2\x5f\x31\xb4\xc1\x3e\x55\
\x99\x71\x75\xc3\x2e\xdc\xbd\xf2\xaf\x92\x4a\x1b\x6b\xd8\x44\xe1\
\x60\x36\x93\x14\x57\x6d\x9a\x64\xae\x8e\x8b\x1f\x03\xe7\xff\x2f\
\x05\xb5\xce\x12\xcd\xc1\x4b\x53\xcf\x4d\x9b\x18\xd2\x1c\x2c\xbf\
\xa0\x2a\x47\xed\x91\x94\x39\xfb\xdf\x3c\x8b\x81\xa1\xe1\xa4\xd3\
\x27\x6a\xe4\x54\xc3\xc4\xc0\xd0\x30\x5e\x7e\xf3\x6c\xd2\xe9\x5d\
\xc0\xa1\xbd\xd5\x95\x17\xa7\x9e\x9c\x71\x66\x90\xc2\xd8\x6b\xbd\
\x1e\x73\x18\x6b\x88\xce\x94\xf2\x4c\x6d\xec\x54\x1b\x1f\x48\xdd\
\x78\x4e\x23\x2a\x33\xb6\xe9\x8c\x06\x68\x0e\x96\xbd\x0e\x91\x77\
\xad\x95\x64\x1e\x1d\x17\x3f\xc2\x3b\x17\x3f\x4e\x29\x4f\xac\xd1\
\xd3\x69\xfc\x8e\x8b\x1f\xa7\x5c\x9f\xa3\x28\x4e\x37\x07\x2b\x4f\
\xcc\x74\x69\xe6\xb9\x81\x44\x2a\x64\x34\x5a\x2a\xca\x24\x7c\xfe\
\xb1\x15\xee\xf7\xbf\x79\x16\xd7\xc2\xa9\x4d\x72\x4a\xa7\xf1\xe3\
\xbb\xfe\xdc\x40\x61\x4a\x79\x9d\x42\x59\x9e\x07\x91\xce\x74\x2d\
\xe1\xe4\xd0\xe6\x60\x59\xab\x08\x3a\xac\x93\x65\x0e\x81\x45\x5f\
\x06\x71\x0e\x06\x86\x86\xb1\xff\x84\xf5\x31\x39\xd6\xf5\x13\xe7\
\xc0\xff\x25\xf7\xaf\xae\xa3\x2a\x6f\x37\x3d\x52\x79\x38\xd1\xf5\
\xc4\xb3\x83\x89\xd4\x30\xf0\x43\x4b\x54\x99\x08\x31\xc3\xff\xa5\
\xb1\x55\x6e\xd2\x09\x05\xa9\x10\x5f\x7e\x60\xd1\x12\x10\xbb\x7f\
\x72\xb5\xc2\x78\x2e\xd1\xb7\x1f\x98\x65\xf7\xf0\xdd\x35\x15\x47\
\xb3\xe1\x89\x20\x37\xb0\x20\xa3\x50\x90\x0c\xf1\x3d\x4c\x6e\xa0\
\x10\x3e\x7f\x16\x2c\xae\xaa\xd2\xd6\x5c\x5b\x7e\xec\x66\x49\x66\
\xb7\x30\xd3\xd3\x00\xa2\x66\x69\xb2\x8a\xc0\xa2\x2f\x83\x8c\x1c\
\xcb\x1e\xcf\x62\xc6\xca\x96\xae\x1f\x8a\x51\x21\x63\xc6\xdd\x42\
\xe3\x99\xd5\x00\x4d\x35\x95\xe7\x01\xfc\xcc\x14\x51\x16\x42\xcc\
\xf0\x2f\x1c\x0b\x05\xa7\xff\xf4\x11\xfe\xe7\x92\x79\xa1\x20\x3b\
\xbb\x7e\x34\x37\x07\xcb\x67\x1d\xe4\x93\xd4\x27\xc9\xd7\x70\x48\
\x04\x97\x32\x97\x65\x2d\xf1\xa1\xe0\x3f\x4f\x98\x13\x0a\xb2\xb2\
\xeb\x17\xb9\xe0\x2f\x2c\xf8\x51\x32\x49\x93\x32\x40\x63\xed\xda\
\x41\x10\x6d\xcd\x4c\x95\x3d\x98\x1d\x0a\x62\x46\x22\xce\x81\x7f\
\x61\x16\x74\xfd\x00\xc0\xb4\xb5\x71\x7d\x69\x38\xa9\xa4\xc9\x96\
\x39\x7e\x33\xf1\x8b\xb4\x45\xd9\x84\x99\xa1\xa0\xe3\xe2\x8d\xfc\
\x81\x45\x4b\x40\x86\xfb\xbb\x7e\x40\xf7\xed\x09\x56\xbe\x91\x6c\
\xea\x94\x3e\x51\xfe\x82\x82\xed\x2a\xea\xfa\x49\x24\x66\x84\x82\
\x6c\xec\xfa\x45\x70\x66\xd0\xc8\xdb\x99\x4a\x9e\x94\x0c\xd0\xb8\
\xbe\x34\x6c\xb0\xb1\x45\xb2\x60\x59\x99\x4c\x43\x41\xb6\x75\xfd\
\x02\xb9\x46\x86\x6e\xf9\xf7\xea\x3b\x52\x7a\x41\x91\x72\x9f\xb6\
\x2b\x58\xd6\x65\x08\x9e\x4c\x35\x9f\xdd\x4c\x0f\x05\x9f\x24\x9d\
\x37\x1b\xbb\x7e\x02\xff\xc3\xf8\x13\x5b\x8a\xf9\xd2\xa4\xe1\xe0\
\xd9\x7d\x04\xfe\x41\xba\xf9\xed\xe2\x7a\xdf\x15\x8c\x0e\x5d\x83\
\x8c\x8e\xa2\xef\x4c\x07\x64\x74\xf4\xa6\xe9\xd9\xe7\x43\xc9\x9a\
\x2a\xb0\xcf\x87\xdc\x40\x21\x02\x8b\x6f\xb1\x49\x69\x06\x28\x9a\
\xf6\xd4\x56\x6c\x4f\x27\x6b\xda\xd6\xee\x19\x7a\xaf\x5e\x80\x83\
\xe9\xe6\xb7\x8b\x58\x28\x60\x9f\x0f\x45\xa5\x2b\x67\x4d\x5f\x54\
\xba\x0a\xec\xf3\x65\x4d\xd7\xaf\x82\x03\x97\xc2\xdd\x29\xc5\xfd\
\x78\xd2\x36\xc0\xab\x75\x75\xd1\xc0\x10\xfe\x0e\xd0\x77\xd2\x2d\
\xc3\x0e\xe2\x43\x41\xfe\xe2\x25\xc8\x5f\x9c\x78\x75\xfc\xfc\x92\
\x92\x89\xeb\x59\xd1\xf5\x8b\x9c\xf2\x53\xf8\xef\x5f\xad\xab\x4b\
\xfb\x97\xda\x8c\x3e\x61\x63\x5d\xc5\x35\x16\xad\x16\xd1\xf7\x33\
\x29\xc7\x6a\xe2\x9f\x0a\x62\xdf\xf0\xa9\x50\x8e\x0f\x45\x2b\x56\
\x8d\xa7\xcf\x82\xbb\x7e\xc1\x79\xf6\x45\x6a\x1a\x6b\xd7\x66\x74\
\x43\x9e\xb1\xc5\x77\x3d\xba\xfa\x53\xf2\xc9\x06\x81\xf6\x66\x5a\
\x96\x95\x4c\x0a\x05\x2b\xa6\x6f\x93\x5c\xbc\x32\xab\xba\xfe\x1e\
\x83\x47\x1f\xda\x55\x7d\x77\xc6\x2b\xbc\x99\xd2\xc7\x35\x55\xaf\
\xf9\xd0\x20\x75\xb5\x09\x26\x85\x82\x92\x12\xe4\x2f\xba\x11\x0a\
\xf2\x17\x2f\x99\x38\xce\x82\xae\xbf\x07\x11\xe3\x6f\x7f\x1a\xfc\
\x9b\x8f\xcc\x28\xcc\xb4\x4f\xba\xbb\x66\xf5\xa5\xdc\x08\x1e\x74\
\x73\x38\x88\x0f\x05\xc5\x2b\x57\x81\x72\x7c\xa0\x1c\x1f\x8a\x6f\
\x5f\x39\x7e\xdd\xdd\x5d\xbf\x00\xef\x19\x18\x7d\x60\xcf\xe6\xbb\
\x7a\xcd\x2a\x33\xed\xc7\xc0\x44\x3c\xdb\x7a\xf6\x96\x08\xb8\x9d\
\x19\x55\x66\x97\x6d\x06\x2a\x82\xfe\x2b\x97\xa1\xd1\x08\xc2\x57\
\xc7\x7a\xd0\xfc\xc5\x4b\x40\x9c\x83\xa2\xa5\xcb\xdd\xfb\xed\x17\
\x39\xc5\xbe\x48\x8d\x19\xdd\x7e\x3c\xa6\x7f\xda\x5d\x8f\xae\xfe\
\x34\x30\x8c\x6f\xba\xf5\x11\x71\xfa\x53\xc1\x58\xbc\x77\x73\xd7\
\xaf\x82\x03\xf9\x34\xb2\xde\xec\xc6\x07\x2c\x30\x00\x30\xf6\x74\
\xd0\x3b\xd4\xbd\x19\xd0\x7d\x56\x94\x9f\x29\xf1\xa1\x60\xec\xd8\
\xc5\x5d\xbf\xa2\xa9\x67\xb8\xfb\xbb\x99\xde\xed\x27\xc2\xf4\x10\
\x30\x95\x86\x83\x9d\x8f\x29\xe8\x25\x76\xd9\xe6\x54\x2a\x82\xfe\
\x4f\xc6\x56\xc9\x2d\x5a\xb6\xdc\x75\x83\x3c\x04\x72\x8d\x95\x9e\
\xd8\x53\x5b\xf9\x5b\x2b\xeb\xb1\xdc\x00\x00\xf0\xec\xc1\xee\x8a\
\xa8\x44\xf7\x13\x53\x85\x1d\xf5\x25\xcb\xc8\xe0\xd8\xf2\x88\xb9\
\x81\x05\xb3\xa4\xb4\x17\x11\x9c\xc9\x21\x79\x6c\x57\xed\xea\xf7\
\xac\xae\xcb\x16\xdb\xef\x0a\x96\x75\x8d\x86\x07\xee\x81\xcb\xc6\
\x13\xe4\x06\x16\xb8\xae\xf1\x55\xf5\x85\xb0\x2f\xf7\x5e\x3b\x1a\
\x1f\xb0\xa9\x07\x88\xa7\xbe\xed\xdc\x06\xa8\xfe\x92\x19\xb7\xdb\
\x5d\xb7\xab\x11\xb9\x00\xa6\xad\xa9\x0c\xe6\x30\x03\xdb\x03\x5f\
\x73\x6d\xf9\xb1\x00\x85\x2b\xa1\x68\x12\x41\xc4\xee\xfa\x5d\x87\
\x62\x54\x15\x3f\x1d\x09\x5f\x5b\x63\x77\xe3\x03\x0e\xf4\x00\xf1\
\xd4\xbf\x76\xe6\xab\x44\xbc\x8f\x98\xaa\x9d\xd4\xe1\x18\x2a\x6d\
\x42\xc6\x33\xc9\x8c\xde\xb5\x0a\x47\x0d\x10\x63\x47\x5b\xe7\xc3\
\x0a\xfa\x09\x08\x6b\x9d\xd6\x62\x07\xaa\xf2\xb6\xc2\x78\x6e\xb6\
\x49\x1b\x76\xe0\x0a\x03\x00\x00\x54\xa9\xfe\xd0\xb9\x20\x43\x43\
\x00\xdd\xed\xb4\x1c\x4b\x50\x9c\x56\x96\xe7\x9b\x1e\xa9\x3c\x7c\
\xb3\xe9\x5a\x76\xe2\x1e\x03\xc4\x50\xa5\xfa\xf6\xae\x6f\x52\x14\
\xcf\xcc\xa1\xd0\x70\x48\x54\xf6\x36\x07\x2b\x4f\xb8\xa5\xe1\x63\
\xb8\xcf\x00\x71\xec\x68\xed\x5a\x25\xa4\x4f\x2a\xd1\x13\x0c\x64\
\xc1\xd8\xac\x38\x44\xae\x80\xe8\xd7\xd1\x1c\xbc\x34\xd3\xca\x1c\
\x6e\xc1\xd5\x06\x88\xb1\xf5\xf4\x69\xdf\xa2\x4f\xfc\x0f\xa9\x46\
\xeb\x00\xde\x04\x42\xb1\xd3\x9a\x12\xf0\x39\xa0\x07\x88\xa8\xe5\
\x2f\x4b\xc3\xc7\xa6\x2e\xc8\xe4\x46\xb2\xc2\x00\xf1\x3c\x75\xf8\
\xfd\x3c\xff\x68\xf8\x41\x30\x36\x2a\x78\x23\x03\x77\x3a\x2a\x48\
\x70\x1e\xac\x47\x88\xf8\x48\xde\xa0\x9e\x88\x5f\x84\x31\x1b\xc8\
\x3a\x03\x4c\x65\xe7\x91\xee\x65\x91\x88\xac\x23\xc5\x3a\x00\xf7\
\x80\xa4\x12\x60\x4b\x96\xee\x50\x91\x7e\x30\x77\x02\x72\x8a\x94\
\x4e\x46\x99\x4e\xc6\x56\xdd\xce\x56\xb2\xde\x00\xd3\x50\xa5\x6d\
\xed\xdd\xcb\x0d\x41\x99\x42\x4a\x99\xa8\x54\x55\x6f\x23\x50\x89\
\x00\x25\x80\x94\x30\xb1\x1f\x40\x9e\x40\xf2\x80\xb1\x5d\xb4\x01\
\x0c\x8b\xca\x10\xc0\x7d\x0c\xf4\x29\xb4\x0f\x44\xbd\xaa\xda\x4b\
\xe0\x1e\x82\x9e\xdb\x13\x2c\xff\xc0\x6d\x37\x71\x99\xf2\xff\x74\
\x0c\x17\xf5\x72\xbb\x64\x66\x00\x00\x00\x00\x49\x45\x4e\x44\xae\
\x42\x60\x82\
"

qt_resource_name = b"\
\x00\x04\
\x00\x06\xfa\x5e\
\x00\x69\
\x00\x63\x00\x6f\x00\x6e\
\x00\x06\
\x07\x03\x7d\xc3\
\x00\x69\
\x00\x6d\x00\x61\x00\x67\x00\x65\x00\x73\
\x00\x05\
\x00\x66\x57\x47\
\x00\x63\
\x00\x2e\x00\x70\x00\x6e\x00\x67\
\x00\x05\
\x00\x6b\x57\x47\
\x00\x68\
\x00\x2e\x00\x70\x00\x6e\x00\x67\
\x00\x05\
\x00\x69\x57\x47\
\x00\x66\
\x00\x2e\x00\x70\x00\x6e\x00\x67\
\x00\x05\
\x00\x65\x57\x47\
\x00\x62\
\x00\x2e\x00\x70\x00\x6e\x00\x67\
\x00\x05\
\x00\x6a\x57\x47\
\x00\x67\
\x00\x2e\x00\x70\x00\x6e\x00\x67\
\x00\x05\
\x00\x67\x57\x47\
\x00\x64\
\x00\x2e\x00\x70\x00\x6e\x00\x67\
\x00\x05\
\x00\x64\x57\x47\
\x00\x61\
\x00\x2e\x00\x70\x00\x6e\x00\x67\
\x00\x05\
\x00\x68\x57\x47\
\x00\x65\
\x00\x2e\x00\x70\x00\x6e\x00\x67\
"

qt_resource_struct_v1 = b"\
\x00\x00\x00\x00\x00\x02\x00\x00\x00\x01\x00\x00\x00\x01\
\x00\x00\x00\x00\x00\x02\x00\x00\x00\x01\x00\x00\x00\x02\
\x00\x00\x00\x0e\x00\x02\x00\x00\x00\x08\x00\x00\x00\x03\
\x00\x00\x00\x80\x00\x00\x00\x00\x00\x01\x00\x00\x6c\x47\
\x00\x00\x00\x50\x00\x00\x00\x00\x00\x01\x00\x00\x36\xa5\
\x00\x00\x00\x20\x00\x00\x00\x00\x00\x01\x00\x00\x00\x00\
\x00\x00\x00\x70\x00\x00\x00\x00\x00\x01\x00\x00\x5e\x36\
\x00\x00\x00\x90\x00\x00\x00\x00\x00\x01\x00\x00\x87\x92\
\x00\x00\x00\x40\x00\x00\x00\x00\x00\x01\x00\x00\x35\x56\
\x00\x00\x00\x60\x00\x00\x00\x00\x00\x01\x00\x00\x53\xa7\
\x00\x00\x00\x30\x00\x00\x00\x00\x00\x01\x00\x00\x15\x41\
"

qt_resource_struct_v2 = b"\
\x00\x00\x00\x00\x00\x02\x00\x00\x00\x01\x00\x00\x00\x01\
\x00\x00\x00\x00\x00\x00\x00\x00\
\x00\x00\x00\x00\x00\x02\x00\x00\x00\x01\x00\x00\x00\x02\
\x00\x00\x00\x00\x00\x00\x00\x00\
\x00\x00\x00\x0e\x00\x02\x00\x00\x00\x08\x00\x00\x00\x03\
\x00\x00\x00\x00\x00\x00\x00\x00\
\x00\x00\x00\x80\x00\x00\x00\x00\x00\x01\x00\x00\x6c\x47\
\x00\x00\x01\x74\x9e\x36\x0b\xa2\
\x00\x00\x00\x50\x00\x00\x00\x00\x00\x01\x00\x00\x36\xa5\
\x00\x00\x01\x74\x9e\x36\x47\x5d\
\x00\x00\x00\x20\x00\x00\x00\x00\x00\x01\x00\x00\x00\x00\
\x00\x00\x01\x74\x9e\x36\x5e\x79\
\x00\x00\x00\x70\x00\x00\x00\x00\x00\x01\x00\x00\x5e\x36\
\x00\x00\x01\x74\x9e\x36\x77\xb4\
\x00\x00\x00\x90\x00\x00\x00\x00\x00\x01\x00\x00\x87\x92\
\x00\x00\x01\x74\x9e\x36\x8b\x9f\
\x00\x00\x00\x40\x00\x00\x00\x00\x00\x01\x00\x00\x35\x56\
\x00\x00\x01\x74\x9e\x36\xa1\x1b\
\x00\x00\x00\x60\x00\x00\x00\x00\x00\x01\x00\x00\x53\xa7\
\x00\x00\x01\x74\x9e\x36\xb5\xb1\
\x00\x00\x00\x30\x00\x00\x00\x00\x00\x01\x00\x00\x15\x41\
\x00\x00\x01\x74\x9e\x36\xc9\x56\
"

qt_version = QtCore.qVersion().split('.')
if qt_version < ['5', '8', '0']:
    rcc_version = 1
    qt_resource_struct = qt_resource_struct_v1
else:
    rcc_version = 2
    qt_resource_struct = qt_resource_struct_v2

def qInitResources():
    QtCore.qRegisterResourceData(rcc_version, qt_resource_struct, qt_resource_name, qt_resource_data)

def qCleanupResources():
    QtCore.qUnregisterResourceData(rcc_version, qt_resource_struct, qt_resource_name, qt_resource_data)

qInitResources()
